,text
0,"막막한 주니어 취업. 신입은 어디서 경험을 쌓고 어떻게 취업하나요?

전공자, 주니어 경력자, 부트캠프등을 통해 일정 수준 이상의 기술역량을 갖추었다면 OK! ＜프리온보딩 코스＞는 참가기업의 실전과제를 팀단위의 동료학습으로 case-study하여 빠른 역량 향상과 취업을 목표로 하고 있습니다. 지금 여러분의 커리어 여정을 함께 할 기업을 만나보세요!

[주요 일정]
1. 지원 접수
- 2022.04.11(월)~2022.04.27(수) 19시까지

2. 프리온보딩 코스 사전설명회
- 2022.04.20(수) 14:00~15:00
- 설명회 신청하기 https://bit.ly/36EcObX
(*설명회 진행 전일까지의 신청자에 한해 zoom 링크 문자 안내 예정)

3. 참가자 선발
- 2022.04.22(금) 17시 문자 안내(80명)
*책임감 있는 지원 및 참여를 위해 참가비를 받습니다.(합격자 대상, 완주 시 취업활동 지원금 지급)
**합격자는 문자로 개별 연락 예정이며, 불합격 시 메일로 결과를 안내 드립니다.
주요업무
[프리온보딩 코스 학습]
• 온라인 라이브로 학습 합니다.(zoom)
• 참가기업의 실무과제를 수행합니다.(팀/개인)
• 기업 case-study를 통해 나의 역량과 기술을 빠르게 향상시킵니다.
• 동료 피드백을 통해 객관적인 내 모습을 성찰하고 성장합니다.

[취업 활동]
• 코스 종료 후 온라인 채용설명회에 참석합니다.(zoom, 총 2회 예정)
• 참가기업을 포함한 기업에 이력서를 제출합니다.
(혹은, 참가기업으로부터 매치업 제안을 받습니다.)
• 취업 하거나 취업하지 않더라도 상당한 학습과 커리어 성장을 경험 합니다.
자격요건
[✔필수 제출서류를 꼭! 확인해주세요.]

1. (필수) 원티드 이력서(원티드 프로필 작성)

2. (필수) 선발과제
- 과제 확인하기 https://bit.ly/3NT9biX(구글 설문 제출)

3. (필수) 숏에세이
원티드 프리온보딩 코스에서는 수강료 무료, 참가비 50만원을 받습니다. 이후 코스 완주(a.참가기업 70%이상 지원 b.과제 제출 c.동료피드백 d.출결)시 취업활동 지원금 50만원(제세공과 후)을 지급합니다. 이러한 정책을 도입한 이유가 무엇일지 작성해주세요.(400자 이상)
- 네이버 블로그, velog 2개 중 택1 작성하며, 제목에는 '원티드 프리온보딩 코스'를 포함
- 이력서 內 ‘링크’로 URL 제출
우대사항
• 6주간 온전히 코스에 참여가 가능한 분 (강의+과제 포함 300시간 이상 소요)
• 2022년 06월부터 실제 근무가 가능한 분(참가 기업/ 참가자와 출근일자 협의)
• 원티드가 진행하는 취업 관련 프로그램에 적극 참여할 의사가 있는 분(알럼나이 커뮤니티, 취업현황조사, 컨퍼런스 등)
혜택 및 복지
[참가기업 취업 연계]
• 코스 수료 후인 2022.06.08(수)부터 진행됩니다.
• 아래 Report가 참가 기업에 전달됩니다.
- 기술평가 / 동료피드백 / 출결현황
- 코스 신청 시 선발과제
•참가자 자격 및 수준에 따라 기업에서 면접제안을 하지 않을 수 있습니다.

[원티드 지원 ‘완주자 Limited’ 취업 혜택]
• 취업활동 지원금 50만원(제세공과금 제외)
• 채용보상금 50만원(원티드 통해 취업 시)
• 원티드 인증뱃지(기업에서 볼 수 있어요!)
• 동료들이 직접 작성한 커리어 성장 리포트
• 역량을 돋보이게 할 수있는 포트폴리오 자산 구축 
• 커리어 성장을 위한 콘텐츠 Wanted+ 3개월 구독권"
1,"막막한 주니어 취업. 신입은 어디서 경험을 쌓고 어떻게 취업하나요?

전공자, 주니어 경력자, 부트캠프등을 통해 일정 수준 이상의 기술역량을 갖추었다면 OK! ＜프리온보딩 코스＞는 참가기업의 실전과제를 팀단위의 동료학습으로 case-study하여 빠른 역량 향상과 취업을 목표로 하고 있습니다. 지금 여러분의 커리어 여정을 함께 할 기업을 만나보세요!

[주요 일정]
1. 지원 접수
- 2022.04.1.1(월)~2022.04.27.(수) 19시까지

2. 프리온보딩 코스 사전설명회
- 2022.04.21.(목) 14:00~15:00
- 설명회 신청하기 https://bit.ly/36EcObX
(*설명회 진행 전일까지의 신청자에 한해 zoom 링크 문자 안내 예정)

3. 참가자 선발
- 2022.04.29.(금) 17시 문자 안내(80명)
*책임감 있는 지원 및 참여를 위해 참가비를 받습니다.(합격자 대상, 완주 시 취업활동 지원금 지급)
**합격자는 문자로 개별 연락 예정이며, 불합격 시 메일로 결과를 안내 드립니다.
주요업무
[프리온보딩 코스 학습]
• 온라인 라이브로 학습 합니다.(zoom)
• 참가기업의 실무과제를 수행합니다.(팀/개인)
• 기업 case-study를 통해 나의 역량과 기술을 빠르게 향상시킵니다.
• 동료 피드백을 통해 객관적인 내 모습을 성찰하고 성장합니다.

[취업 활동]
• 코스 종료 후 온라인 채용설명회에 참석합니다.(zoom, 총 2회 예정)
• 참가기업을 포함한 기업에 이력서를 제출합니다.
(혹은, 참가기업으로부터 매치업 제안을 받습니다.)
• 취업 하거나 취업하지 않더라도 상당한 학습과 커리어 성장을 경험 합니다.
자격요건
[✔필수 제출서류를 꼭! 확인해주세요.]

1. (필수) 원티드 이력서(원티드 프로필 작성)

2. (필수) 선발과제
- 과제 확인하기 https://bit.ly/3NSTZSQ
- 깃헙으로 작성한 작업물을 원티드 이력서 內 ‘링크’로 URL 제출
- 깃헙 제목에는 '원티드 프리온보딩 코스'를 포함하여야 함.
- URL은 https://github.com/~/wanted_pre_onboarding을 반드시 포함하여야 함.

3. (필수) 숏에세이
원티드 프리온보딩 코스에서는 수강료 무료, 참가비 50만원을 받습니다. 이후 코스 완주(1.참가기업 70%이상 지원 2.과제 제출 3.동료피드백 4.출결)시 취업활동 지원금 50만원(제세공과 후)을 지급합니다. 이러한 정책을 도입한 이유가 무엇일지 작성해주세요.(400자 이상)
- 네이버 블로그, velog 2개 중 택1 작성하며, 제목에는 '원티드 프리온보딩 코스'를 포함
- 이력서 內 ‘링크’로 URL 제출
우대사항
• 6주간 온전히 코스에 참여가 가능한 분 (강의+과제 포함 300시간 이상 소요)
• 2022년 06월부터 실제 근무가 가능한 분(참가 기업/ 참가자와 출근일자 협의)
• 원티드가 진행하는 취업 관련 프로그램에 적극 참여할 의사가 있는 분(알럼나이 커뮤니티, 취업현황조사, 컨퍼런스 등)
혜택 및 복지
[참가기업 취업 연계]
• 코스 수료 후인 2022.06.17(금)부터 진행됩니다.
• 아래 Report가 참가 기업에 전달됩니다.
- 기술평가 / 동료피드백 / 출결현황
- 코스 신청 시 선발과제
• 참가자 자격 및 수준에 따라 기업에서 면접제안을 하지 않을 수 있습니다.

[원티드 지원 ‘완주자 Limited’ 취업 혜택]
• 취업활동 지원금 50만원(제세공과금 제외)
• 채용보상금 50만원(원티드 통해 취업 시)
• 원티드 인증뱃지(기업에서 볼 수 있어요!)
• 동료들이 직접 작성한 커리어 성장 리포트
• 역량을 돋보이게 할 수있는 포트폴리오 자산 구축 
• 커리어 성장을 위한 콘텐츠 Wanted+ 3개월 구독권"
2,"막막한 주니어 취업. 신입은 어디서 경험을 쌓고 어떻게 취업하나요?

전공자, 주니어 경력자, 부트캠프등을 통해 일정 수준 이상의 기술역량을 갖추었다면 OK! ＜프리온보딩 코스＞는 참가기업의 실전과제를 팀단위의 동료학습으로 case-study하여 빠른 역량 향상과 취업을 목표로 하고 있습니다. 지금 여러분의 커리어 여정을 함께 할 기업을 만나보세요!

[주요 일정]

1. 지원 접수
- 2022.04.1.1(월)~2022.04.27.(수) 19시까지

2. 프리온보딩 코스 사전설명회
- 2022.04.21.(목) 14:00~15:00
- 설명회 신청하기 https://bit.ly/36EcObX
(*설명회 진행 전일까지의 신청자에 한해 zoom 링크 문자 안내 예정)

3. 참가자 선발
- 2022.04.29.(금) 17시 문자 안내(80명)
*책임감 있는 지원 및 참여를 위해 참가비를 받습니다.(합격자 대상, 완주 시 취업활동 지원금 지급)
**합격자는 문자로 개별 연락 예정이며, 불합격 시 메일로 결과를 안내 드립니다.
주요업무
[프리온보딩 코스 학습]
• 온라인 라이브로 학습 합니다.(zoom)
• 참가기업의 실무과제를 수행합니다.(팀/개인)
• 기업 case-study를 통해 나의 역량과 기술을 빠르게 향상시킵니다.
• 동료 피드백을 통해 객관적인 내 모습을 성찰하고 성장합니다.

[취업 활동]
• 코스 종료 후 온라인 채용설명회에 참석합니다.(zoom, 총 2회 예정)
• 참가기업을 포함한 기업에 이력서를 제출합니다.
(혹은, 참가기업으로부터 매치업 제안을 받습니다.)
• 취업 하거나 취업하지 않더라도 상당한 학습과 커리어 성장을 경험 합니다.
자격요건
[✔필수 제출서류를 꼭! 확인해주세요.]

1. (필수) 원티드 이력서(원티드 프로필 작성)

2. (필수) 선발과제
- 과제 확인하기 https://bit.ly/3uXa7u5
- 네이버 블로그, velog 2개 중 택1 작성하며, 제목에는 '원티드 프리온보딩 코스'를 포함
- 이력서 內 ‘링크’로 URL 제출

3. (필수) 숏에세이
원티드 프리온보딩 코스에서는 수강료 무료, 참가비 50만원을 받습니다. 이후 코스 완주(a.참가기업 70%이상 지원 b.과제 제출 c.동료피드백 d.출결)시 취업활동 지원금 50만원(제세공과 후)을 지급합니다. 이러한 정책을 도입한 이유가 무엇일지 작성해주세요.(400자 이상)

- 네이버 블로그, velog 2개 중 택1 작성하며, 제목에는 '원티드 프리온보딩 코스'를 포함
- 이력서 內 ‘링크’로 URL 제출

4. 집중육성전형 증빙(대상자에 한함)
- 집중육성 전형 50명/ 일반전형 20명, 총 70명 선발
- 집중육성 증빙 확인 https://www.wanted.co.kr/events/pre_onboarding_course_13
우대사항
• 6주간 온전히 코스에 참여가 가능한 분 (강의+과제 포함 300시간 이상 소요)
• 2022년 06월부터 실제 근무가 가능한 분(참가 기업/ 참가자와 출근일자 협의)
• 원티드가 진행하는 취업 관련 프로그램에 적극 참여할 의사가 있는 분(알럼나이 커뮤니티, 취업현황조사, 컨퍼런스 등)
혜택 및 복지
[참가기업 취업 연계]
• 코스 수료 후인 2022.06.17(금)부터 진행됩니다.
• 아래 Report가 참가 기업에 전달됩니다.
- 기술평가 / 동료피드백 / 출결현황
- 코스 신청 시 선발과제
• 참가자 자격 및 수준에 따라 기업에서 면접제안을 하지 않을 수 있습니다.

[원티드 지원 ‘완주자 Limited’ 취업 혜택]
• 취업활동 지원금 50만원(제세공과금 제외)
• 채용보상금 50만원(원티드 통해 취업 시)
• 원티드 인증뱃지(기업에서 볼 수 있어요!)
• 동료들이 직접 작성한 커리어 성장 리포트
• 역량을 돋보이게 할 수있는 포트폴리오 자산 구축 
• 커리어 성장을 위한 콘텐츠 Wanted+ 3개월 구독권"
3,"막막한 주니어 취업. 신입은 어디서 경험을 쌓고 어떻게 취업하나요?

전공자, 주니어 경력자, 부트캠프등을 통해 일정 수준 이상의 기술역량을 갖추었다면 OK! ＜프리온보딩 코스＞는 참가기업의 실전과제를 팀단위의 동료학습으로 case-study하여 빠른 역량 향상과 취업을 목표로 하고 있습니다. 지금 여러분의 커리어 여정을 함께 할 기업을 만나보세요!

전공자, 주니어 경력자, 부트캠프등을 통해 일정 수준 이상의 기술역량을 갖추었다면 OK! ＜프리온보딩 코스＞는 참가기업의 실전과제를 팀단위의 동료학습으로 case-study하여 빠른 역량 향상과 취업을 목표로 하고 있습니다. 지금 여러분의 커리어 여정을 함께 할 기업을 만나보세요!

[주요 일정]
1. 지원 접수
- 2022.04.04(월)~2022.04.20(수) 19시까지

2. 프리온보딩 코스 사전설명회
- 2022.04.13(수) 14:00~15:00
- 설명회 신청하기 https://bit.ly/36EcObX
(*설명회 진행 전일까지의 신청자에 한해 zoom 링크 문자 안내 예정)

3. 참가자 선발
- 2022.04.22(금) 17시 문자 안내(80명)
*책임감 있는 지원 및 참여를 위해 참가비를 받습니다.(합격자 대상, 완주 시 취업활동 지원금 지급)
**합격자는 문자로 개별 연락 예정이며, 불합격 시 메일로 결과를 안내 드립니다.
주요업무
[프리온보딩 코스 학습]
• 온라인 라이브로 학습 합니다.(zoom)
• 참가기업의 실무과제를 수행합니다.(팀/개인)
• 기업 case-study를 통해 나의 역량과 기술을 빠르게 향상시킵니다.
• 동료 피드백을 통해 객관적인 내 모습을 성찰하고 성장합니다.

[취업 활동]
• 코스 종료 후 온라인 채용설명회에 참석합니다.(zoom, 총 2회 예정)
• 참가기업을 포함한 기업에 이력서를 제출합니다.
(혹은, 참가기업으로부터 매치업 제안을 받습니다.)
• 취업 하거나 취업하지 않더라도 상당한 학습과 커리어 성장을 경험 합니다.
자격요건
[✔필수 제출서류를 꼭! 확인해주세요.]

1. (필수) 원티드 이력서(원티드 프로필 작성)

2. (필수) 선발과제
- 과제 확인하기 https://bit.ly/35sNQeO
- 깃헙으로 작성한 작업물을 원티드 이력서 內 ‘링크’로 URL 제출
- 깃헙 제목에는 '원티드 프리온보딩 코스'를 포함하여야 함.
- URL은 https://github.com/~/wanted_pre_onboarding을 반드시 포함하여야 함.

3. (필수) 숏에세이
원티드 프리온보딩 코스에서는 수강료 무료, 참가비 50만원을 받습니다. 이후 코스 완주(1.참가기업 70%이상 지원 2.과제 제출 3.동료피드백 4.출결)시 취업활동 지원금 50만원(제세공과 후)을 지급합니다. 이러한 정책을 도입한 이유가 무엇일지 작성해주세요.(400자 이상)
- 네이버 블로그, velog 2개 중 택1 작성하며, 제목에는 '원티드 프리온보딩 코스'를 포함
- 이력서 內 ‘링크’로 URL 제출

4. 집중육성전형 증빙(대상자에 한함)
- 집중육성 전형 50명, 일반전형 20명 선발
- 집중육성 증빙 확인 https://www.wanted.co.kr/events/pre_onboarding_course_10
우대사항
• 6주간 온전히 코스에 참여가 가능한 분 (강의+과제 포함 300시간 이상 소요)
• 2022년 06월부터 실제 근무가 가능한 분(참가 기업/ 참가자와 출근일자 협의)
• 원티드가 진행하는 취업 관련 프로그램에 적극 참여할 의사가 있는 분(알럼나이 커뮤니티, 취업현황조사, 컨퍼런스 등)
혜택 및 복지
[참가기업 취업 연계]
• 코스 수료 후인 2022.06.08(수)부터 진행됩니다.
• 아래 Report가 참가 기업에 전달됩니다.
- 기술평가 / 동료피드백 / 출결현황
- 코스 신청 시 선발과제
•참가자 자격 및 수준에 따라 기업에서 면접제안을 하지 않을 수 있습니다.

[원티드 지원 ‘완주자 Limited’ 취업 혜택]
• 취업활동 지원금 50만원(제세공과금 제외)
• 채용보상금 50만원(원티드 통해 취업 시)
• 원티드 인증뱃지(기업에서 볼 수 있어요!)
• 동료들이 직접 작성한 커리어 성장 리포트
• 역량을 돋보이게 할 수있는 포트폴리오 자산 구축 
• 커리어 성장을 위한 콘텐츠 Wanted+ 3개월 구독권"
4,"[고용형태]

정규직


[Working as Agile Coach]

우리는 CTO Office Team으로 일합니다. Agile 가치에 공감하는 동료들과 함께 변화에 능동적으로 대처합니다. 문제를 먼저 감지하고 구성원들이 해결책을 찾도록 도우며 원활한 협업을 이끌어냅니다. 또한 조직 전반의 프로세스를 지속적으로 개선하고, 고객에게 가치있는 서비스를 제공할 수 있도록 합니다. 제품과 구성원들이 성장하는 문화를 만들기 위해 노력합니다. 


[What you will get]

-CTO와 리더들이 Agile의 가치를 이해하고 지지하는 Agile Coach 팀
-우리가 필요하다고 생각하는 일은 우리가 결정하고 실행할 수 있는 환경
-일의 목적과 이유에 대해 고민하고 이야기 나눌 수 있는 동료들
-변화에 친화적인 동료들과 개선점을 찾아내어 사람과 조직이 더 나아지는 경험
-우리가 직접 만든 콘텐츠로 애자일 생태에 기여하는 경험 (예. 요기요 회고 Kit)
-Scaled Agile

#스크럼 만렙 애자일 코치 #메트릭과 친한 애자일 코치 #일을 키우는 애자일 코치 #언젠가 백발의 애자일 코치
주요업무
[What you will do]

-팀 레벨의 애자일 프랙티스 운영
-다양한 회고/워크숍의 설계와 퍼실리테이션
-조직/구성원 간 feedback loop를 원활하게 만들어 제품과 구성원의 성장을 촉진시키는 역할
-요기요 R&D Center가 Agile하게 일하는 문화를 만들고 발전시키는 전략 수립 및 실행
자격요건
[What we expect from you]

-Agile/Lean Mindset
-다양한 환경에서의 퍼실리테이터 경험
-조직의 문제를 파악해 적합한 애자일 프랙티스로 해결한 경험
-Software development life cycle 전반에 대한 이해와 경험
우대사항
[그 외 이런 것이 있으면 더 좋겠어요]

-Scaled agile에 대한 지식과 경험
-모두가 낙관적일 때 이슈를 제기하고 함께 해결할 수 있는 능력
-콘텐츠를 기획하고 만들어서 운영해 본 경험



* 보훈대상자는 관련 법령에 의거하여 우대합니다.
* 서류 합격자에 한해 연락드릴 예정입니다.
* 입사시 3개월의 수습기간이 있습니다.
* 본 채용은 수시진행으로, 우수 인력 채용시 조기마감될 수 있습니다.
혜택 및 복지
“요기요의 업무 환경""

•  매주 금요일 2시간 조기 퇴근
•  재택근무 지원
•  유연근무제
•  각 층별 Kitchen 제공
•  업무 집중을 위한 Focus Room 공간 마련 


""요기요의 행복 충전""

•  5년 장기근속 시상 및 한 달 refresh 유급휴가 
•  헬스키퍼(사내 안마사), 네일케어, 고급안마의자 등 사내 복합 휴게 공간 및 제도 운영
•  직원들의 만남의 장소, Yogiro 사내 카페(Roof Top)
•  Free Drink(음료)
•  콘도 할인 제공
•  요기요 현금 쿠폰 매월 지급
•  명절 상품권 지급


""요기요의 자기 개발""

•  금요 테마 교육 진행
•  온라인교육(전화영어) 지원
•  도서 구매 지원
•  동호회 지원


""요기요의 건강 지킴""

•  독감예방 접종
•  건강검진 지원(대상자에 한함)


""요기요의 든든한 가족""

•  단체 상해 보험(본인/배우자/자녀까지 포함)  
•  자녀까지 해당되는 마음 편한 병가 제도
•  경조 휴가 및 경조금(결혼/출산/수연/기념일/사망)
•  결혼기념일 휴가 및 외식상품권 
•  임신 전기간 시차출퇴근, 단축 근무
•  예비 엄마 축하 선물 지급 및 사내 Nursing Room
•  배우자 임신 시, 정기검진 방문 동행 지원(월 1회 반차 공가)"
5,"[고용형태]

정규직 (수습기간 3개월) 


[Working as Quality Engineers]

요기요의 Quality engineer들은 우리회사가 만드는 서비스의 최종 품질을 책임진다는 사명감을 갖고 일 합니다. 늘 완벽을 기하려고 노력하지만 소프트웨어의 품질이라는 것이 단순하지 않아서 예상치 못한 일들이 일어나곤 합니다. 하지만, 그것 또한 우리가 새로운 것을 배울 수 있는 기회라는 생각으로 모두가 학습할 수 있는 환경을 만들고 각자의 경험/기술을 공유하며 서비스의 개선과 개인의 성장이 같이 일어날 수 있도록 노력합니다. 구성원들 각각의 테스팅 경험과 기술의 폭을 넓혀가는 활동은 QE들의 가장 중요한 활동 중 하나이며, 이를 서로가 공유함으로써 효율적이고 디테일한 서비스 품질 보증을 만들어 가는 것은 물론 개인의 성장도 같이 꾀하고 있습니다.

 
[What you will get]

대규모 사용자를 가진 서비스의 품질을 확보하기 위한 다양한 기술과 테스팅 경험을 할 수 있고, 이를 통해 성능 테스트 엔지니어로서 한층 더 성장할 수 있는 기회를 가질 수 있습니다.

• 대규모 사용자를 가진 시스템에 대한 성능 테스트 엔지니어로 함께 성장할 수 있는 기회
• AWS 환경을 비롯한 다양한 인프라 시스템을 대상으로 하는 성능 테스트 경험
• Python을 통한 성능 시나리오 개발 경험
• 다양한 분야의 QA 전문가로 이루어진 QE Chapter에서 QA Engineer로 함께 성장할 수 있는 환경
주요업무
[What you will do]

다양한 규모의 여러 서비스에 대해 성능 테스트 설계부터 실행과 결과 분석까지, 품질 관점에서 오너십을 갖고 성능 테스트를 주도하여 수행합니다. 

• 시스템 인프라 구성 및 데이터 흐름에 대한 정보 수집과 분석, 라이브 트래픽 모니터링을 통한 성능 테스트 계획 수립
• Locust 툴을 활용한 성능 테스트 시나리오 개발 및 테스트 수행 (python language 사용)
• 성능, 부하, 스트레스 등 다양한 종류의 테스트 수행 과 결과 분석을 통해 리스크 요소 경고, 개선안 제안  
• Grafana, Newrelic, Kibana 등의 툴을 활용한 성능 지표 모니터링
• 스케줄에 따라 자동으로 성능 테스트가 수행될 수 있도록 스케줄 Job 생성 및 관리
자격요건
[What we expect from you]

• 1년 이상의 Locust, Jmeter 등과 같은 성능 테스트 툴을 활용한 성능 테스트 경험
• 1년 이상의 시스템 운영 또는 Backend 서버 개발 경험
• 시스템 아키텍처 및 서비스 흐름에 대한 이해
우대사항
[그 외 이런 것이 있으면 더 좋겠어요]

• Python, JavaScript, Java, C등과 같은 개발 언어 사용 경험
• Jenkins등의 CI Tool를 사용한 배포 시스템 구축 경험
• Git 등의 분산 버전 관리 시스템에 대한 이해
• Kibana, Datadogs, Grafana, Newrelic등과 같은 모니터링 툴 사용 경험
• 성능 테스트 수행 포트폴리오
• 관련 학과 전공


※ 확인 사항
* 지원 시 경력 기술서 및 포트폴리오를 첨부해 주시기 바랍니다.
* 보훈대상자는 관련 법령에 의거하여 우대합니다.
* 서류 합격자에 한해 연락드릴 예정입니다.
* 입사시 3개월의 수습기간이 있습니다.
* 본 채용은 수시진행으로, 우수 인력 채용시 조기마감될 수 있습니다.
혜택 및 복지
“요기요의 업무 환경""
•  매주 금요일 2시간 조기 퇴근
•  재택근무 지원
•  유연근무제
•  각 층별 Kitchen 제공
•  업무 집중을 위한 Focus Room 공간 마련 

""요기요의 행복 충전""
•  5년 장기근속 시상 및 한 달 refresh 유급휴가 
•  헬스키퍼(사내 안마사), 네일케어, 고급안마의자 등 사내 복합 휴게 공간 및 제도 운영
•  직원들의 만남의 장소, Yogiro 사내 카페(Roof Top)
•  Free Drink(음료)
•  콘도 할인 제공
•  요기요 현금 쿠폰 매월 지급
•  명절 상품권 지급

""요기요의 자기 개발""
•  금요 테마 교육 진행
•  온라인교육(전화영어) 지원
•  도서 구매 지원
•  동호회 지원

""요기요의 건강 지킴""
•  독감예방 접종
•  건강검진 지원(대상자에 한함)

""요기요의 든든한 가족""
•  단체 상해 보험(본인/배우자/자녀까지 포함)  
•  자녀까지 해당되는 마음 편한 병가 제도
•  경조 휴가 및 경조금(결혼/출산/수연/기념일/사망)
•  결혼기념일 휴가 및 외식상품권 
•  임신 전기간 시차출퇴근, 단축 근무
•  예비 엄마 축하 선물 지급 및 사내 Nursing Room
•  배우자 임신 시, 정기검진 방문 동행 지원(월 1회 반차 공가)"
6,"[고용형태]
정규직 (수습기간 3개월)

[Working as iOS Developer]

요기요 R&D Center는 커머스 플랫폼을 통해 일상의 변화를 주도하며 사용자에게 행복을 전달합니다. 음식을 넘어 쿽커머스로 영역을 확대해 가고 있는 요기요와 함께 성장하는 멋진 경험에 동참해보세요.

모바일 개발자는 활발한 코드리뷰를 통해 주니어와 시니어가 격의 없이 토론하며 개발 역량을 함께 키워가고 있습니다.
투명한 포스트모텀 문화를 바탕으로, 장애가 발생하더라도 비난하고, 시비를 가리기보다는 “무엇을 배웠는가”를 모두에게 알리며 함께 성장합니다.
프로덕트 오너, 백엔드 개발자, 디자이너들과 Cross-Functional Team으로 일하며, 사용자들에게 더 좋은 서비스를 제공하기 위하여 노력합니다.
주요업무
[What you will do]

• 각 스쿼드 제품 개발팀에 속한 모바일 개발자들은, 비즈니스 요구사항을 개발하기 전 챕터 구성원과 함께 Architecture Design Review를 진행합니다. 리뷰를 진행하는 개발자는 어떤 것을 개발해야 하고 어떤 요구사항이 있는지 설명하고, 리뷰에 참여하는 챕터 구성원들과 전체 앱 관점에서 구현 방향은 올바른지 더 나은 방법은 없는지를 검토합니다. 나온 의견을 바탕으로 제품 구현에 반영합니다.
• 코드리뷰는 우리의 핵심 문화입니다. 자신이 구현한 개발 결과물은 동료의 코드리뷰 없이는 머지될 수 없습니다. 코드리뷰를 통해 더 나은 방법을 제안하며 요구사항 적합성을 검토합니다. 코드리뷰를 통해 각자의 도메인 지식을 전파합니다.
- 최대한 빠르게 고객에게 가치를 전달하고 고객의 피드백을 받기 위해 1주 단위 앱 배포를 진행하고 있습니다. QA를 위한 사내 배포 및 스토어 배포를 위한 빌드 파이프라인이 구축되어 하루에도 20번 이상의 빌드가 공유됩니다.
• 자신이 구현한 비즈니스 요구사항의 적합성을 검증하기 위해 Unit Test를 작성합니다. 종종 TDD 방식으로 Pair Programming을 수행하기도 합니다.
• 새로운 기능의 적용도 중요하지만, 운영한 지 오래 된 서비스이기 때문에 수많은 레거시가 존재합니다. 더 나은 서비스를 만들기 위해 리팩토링 작업을 일상적으로 진행합니다.
자격요건
[What we expect from you]
• iOS 앱 개발 3년 이상인 분
• Swift 언어 및 iOS 플랫폼에 대한 높은 이해도를 가진 분
• 형상 관리 도구로 Git을 사용하며, Swift를 사용하여 iOS앱을 개발해 앱스토어에 서비스 해 본 경험
• 객체 지향 설계와 개발에 대해 이해하고, 실제 개발해 본 경험
• 자료구조, 알고리즘, 디자인 패턴, 리팩토링에 대한 기본 지식
• 신규 기능 정의 및 개발을 위해 유관 부서와의 협업 경험
• 버그 수정 및 애플리케이션 성능 향상을 위한 욕심
우대사항
[그 외 이런 것이 있으면 더 좋겠어요] 

•  오픈소스 프로젝트 경험자
•  다양한 Application Architecture 경험자
•  다양한 Platform 개발 경험자
•  Rx 기반 반응형 아키텍쳐 사용 경험
•  Unit Test 및 UI Test 작성 경험
•  함수형 프로그래밍에 대한 관심
•  애니메이션 및 화면 개발에 대한 관심


* 보훈대상자는 관련 법령에 의거하여 우대합니다.
* 서류 합격자에 한해 연락드릴 예정입니다.
* 입사시 3개월의 수습기간이 있습니다.
* 본 채용은 수시진행으로, 우수 인력 채용시 조기마감될 수 있습니다.
혜택 및 복지
“요기요의 업무 환경""
•  매주 금요일 2시간 조기 퇴근
•  재택근무 지원
•  유연근무제
•  각 층별 Kitchen 제공
•  업무 집중을 위한 Focus Room 공간 마련 

""요기요의 행복 충전""
•  5년 장기근속 시상 및 한 달 refresh 유급휴가 
•  헬스키퍼(사내 안마사), 네일케어, 고급안마의자 등 사내 복합 휴게 공간 및 제도 운영
•  직원들의 만남의 장소, Yogiro 사내 카페(Roof Top)
•  Free Drink(음료)
•  콘도 할인 제공
•  요기요 현금 쿠폰 매월 지급
•  명절 상품권 지급

""요기요의 자기 개발""
•  금요 테마 교육 진행
•  온라인교육(전화영어) 지원
•  도서 구매 지원
•  동호회 지원

""요기요의 건강 지킴""
•  독감예방 접종
•  건강검진 지원(대상자에 한함)

""요기요의 든든한 가족""
•  단체 상해 보험(본인/배우자/자녀까지 포함)  
•  자녀까지 해당되는 마음 편한 병가 제도
•  경조 휴가 및 경조금(결혼/출산/수연/기념일/사망)
•  결혼기념일 휴가 및 외식상품권 
•  임신 전기간 시차출퇴근, 단축 근무
•  예비 엄마 축하 선물 지급 및 사내 Nursing Room
•  배우자 임신 시, 정기검진 방문 동행 지원(월 1회 반차 공가)"
7,"[Working as Search Operators]

요기요 R&D Center의 Search Operator는 요기요 사용자의 검색 의도에 맞는 정확하면서도 풍부한 검색 결과를 보여주기 위해 노력합니다.

수많은 가게와 메뉴들의 데이터를 끊임없이 검수하고 잘못되거나 필요한 정보가 있을 경우 이를 수정, 개선하여 검색 결과에 반영합니다. 이를 위해 Cross Functional 조직에서 함께 일하는 PO/개발자들과 의견을 주고 받으며 사용자에게 최적의 검색 품질을 유지할 수 있도록 하는 역할을 하고 있습니다.

또한, 사용자의 검색 키워드에서 나타나는 트렌드를 파악하여 Product, 마케팅, 영업 등 관련 정보가 필요한 모든 협업파트 구성원들에게 정보를 공유합니다.


[What you will get]

• 검색 서비스의 전반적인 플로우에 대해 이해하고 검색 관련 대용량 데이터를 구축하는 경험
• 푸드테크 도메인 키워드 및 데이터에 대한 인사이트를 얻음과 더불어 오너십을 가지고 검색 운영을 해볼 수 있는 기회
• Product Owner, Engineer 등 다른 직군의 동료들과 함께 자유롭게 협업할 수 있는 업무 환경

※ 고용 형태 : 정규직 (입사 시 3개월의 수습 기간이 있습니다.)
주요업무
[What you will do]

• 검색 키워드 트렌드 분석 (인기 키워드, 급상승 키워드, not found 키워드 등)
• 검색 퀄리티 개선을 위한 사전처리 (형태소 분석기 튜닝, 신규 진입 키워드, 동의어, 유의어, 금칙어 관리 등)
• 검색 사전DB 관련 구축 및 운영 (자동완성, 오타교정, 연관검색어 등)
• 어드민 기획/운영 및 검색 운영 전반에 대한 품질 관리
자격요건
[What we expect from you]

• 자연어 처리 및 검색 퀄리티 분야 관련 경험 1년 이상
• 검색 사전DB 처리 및 운영 능력
• 꼼꼼하고 정확한 성격
우대사항
[그 외 이런 것이 있으면 더 좋겠어요]

• 검색 모니터링 경험 및 사전처리 경험
• 포털, e커머스, 지역서비스 관련 검색서비스 경험
• Excel 및 정규식 실무 스킬
혜택 및 복지
“요기요의 업무 환경""
•  매주 금요일 2시간 조기 퇴근
•  재택근무 지원
•  유연근무제
•  각 층별 Kitchen 제공
•  업무 집중을 위한 Focus Room 공간 마련

""요기요의 행복 충전""
•  5년 장기근속 시상 및 한 달 refresh 유급휴가
•  헬스키퍼(사내 안마사), 네일케어, 고급안마의자 등 사내 복합 휴게 공간 및 제도 운영
•  직원들의 만남의 장소, Yogiro 사내 카페(Roof Top)
•  Free Drink(음료)
•  콘도 할인 제공
•  요기요 현금 쿠폰 매월 지급
•  명절 상품권 지급

""요기요의 자기 개발""
•  금요 테마 교육 진행
•  온라인교육(전화영어) 지원
•  도서 구매 지원
•  동호회 지원

""요기요의 건강 지킴""
•  독감예방 접종
•  건강검진 지원(대상자에 한함)

""요기요의 든든한 가족""
•  단체 상해 보험(본인/배우자/자녀까지 포함)
•  자녀까지 해당되는 마음 편한 병가 제도
•  경조 휴가 및 경조금(결혼/출산/수연/기념일/사망)
•  결혼기념일 휴가 및 외식상품권
•  임신 전기간 시차출퇴근, 단축 근무
•  예비 엄마 축하 선물 지급 및 사내 Nursing Room
•  배우자 임신 시, 정기검진 방문 동행 지원(월 1회 반차 공가)"
8,"[Working as UX Researchers]

UX Researcher는 요기요의 여정이 즐거운 경험이 될 수 있도록 끊임없이 사용자를 이해하려고 노력합니다.

다양한 데이터 분석을 통해 세운 가설을 정성/정량 리서치를 통해 검증하고, 이를 통해 얻어진 개선안을 Product Owner, Product Designer와 함께 제품에 반영합니다. 이를 위해 Cross-functional한 조직과 함께 리서치 로드맵을 구축하여, 수행한 리서치가 제품 및 디자인 전략에 반영될 수 있도록 최적의 방안을 강구합니다. 

특히 데이터에 기반한 결정을 할 수 있도록 repository를 구축하고, 누구나 쉽게 활용할 수 있도록 제공함으로써 데이터 & 인사이트를 다루는 모든 동료들이 요기요 사용자를 더욱 잘 이해할 수 있도록 도와줍니다.


[What you will get]

• 요기요를 통해 음식을 주문하는 사용자부터 가게를 운영하시는 사장님까지 총체적인 경험을 접하면서 다각도로 사용자를 바라보는 방법을 배우게 됩니다.
• 목적조직과 기능조직이 수평적으로 협업하여, Product Owner, Designer, Business Analyst, Engineer, QE Specialist 와 함께 다양한 의견을 교환하고 가설을 검증, 테스트하여 점진적으로 제품을 개선하는 경험을 할 수 있습니다.
• 사용자가 겪는 문제를 같이 공감하고, 함께 최적의 해결점을 찾을 수 있는 멋진 동료들을 얻을 수 있습니다.

※ 고용 형태 : 정규직 (입사 시 3개월의 수습 기간이 있습니다.)
주요업무
[What you will do]

• 요기요 서비스 전반에 대한 고객 여정을 이해하고, 제품의 방향성을 도출합니다.
고객 유형별 context를 고려한 시나리오 기반으로 문제를 정의하고, 이를 검증 및 개선합니다.
• 정성/정량 리서치를 통해 사용자 이슈를 발굴하고, 이를 개선할 수 있도록 방향을 제시하고 검증합니다.
• 요기요 서비스 개선점 도출 및 점검을 위해 VOC와 지표를 분석합니다.
• 리서치를 통해 도출된 인사이트 및 솔루션을 빠르게 전달합니다.
자격요건
[What we expect from you]

• 서비스(비즈니스) 관점의 목표를 이해하고, 솔루션을 제시하여 UX 개선에 직접 기여한 경험
• 사용자와 사용자 경험(UX)에 대한 높은 이해도
• 정성/정량 데이터를 근거로 한 서비스 개선 경험과 그 과정에 대한 이해
• 상황에 맞는 리서치 설계 능력
• 정성/정량 데이터를 통합적으로 다룰 수 있는 능력과 논리적인 사고
• 빠른 판단을 통한 문제 해결 및 대안 제시 능력
• 다양한 직군과의 협업 및 설득을 위한 커뮤니케이션 스킬

* 리서치 경험을 확인할 수 있는 ""포트폴리오"" 제출은 필수입니다.
* 서류 합격자에 한해 과제 전형이 진행될 예정입니다.
우대사항
[그외 이런 것이 있으면 더 좋겠어요]

• 정량 리서치 경험(A/B Test, Quantitative UT, Survey 등), 혹은 정량 데이터 분석 경험
• 관련 분야 전문 교육 혹은 그에 준하는 실무 경험
• Mobile 서비스 출시/운영 경험 3년 이상
혜택 및 복지
“요기요의 업무 환경""
•  매주 금요일 2시간 조기 퇴근
•  재택근무 지원
•  유연근무제
•  각 층별 Kitchen 제공
•  업무 집중을 위한 Focus Room 공간 마련

""요기요의 행복 충전""
•  5년 장기근속 시상 및 한 달 refresh 유급휴가
•  헬스키퍼(사내 안마사), 네일케어, 고급안마의자 등 사내 복합 휴게 공간 및 제도 운영
•  직원들의 만남의 장소, Yogiro 사내 카페(Roof Top)
•  Free Drink(음료)
•  콘도 할인 제공
•  요기요 현금 쿠폰 매월 지급
•  명절 상품권 지급

""요기요의 자기 개발""
•  금요 테마 교육 진행
•  온라인교육(전화영어) 지원
•  도서 구매 지원
•  동호회 지원

""요기요의 건강 지킴""
•  독감예방 접종
•  건강검진 지원(대상자에 한함)

""요기요의 든든한 가족""
•  단체 상해 보험(본인/배우자/자녀까지 포함)
•  자녀까지 해당되는 마음 편한 병가 제도
•  경조 휴가 및 경조금(결혼/출산/수연/기념일/사망)
•  결혼기념일 휴가 및 외식상품권
•  임신 전기간 시차출퇴근, 단축 근무
•  예비 엄마 축하 선물 지급 및 사내 Nursing Room
•  배우자 임신 시, 정기검진 방문 동행 지원(월 1회 반차 공가)"
9,"Working as Backend Developer(Python)
#Python #Backend #Senior #경력 6년이상

요기요 R&D Center는 PO, Developer, QA Engineer, Designer 등 
다양한 직무의 구성원들이 한 팀으로 일하고 있습니다. 
서비스 기획과 개발, 운영에서의 의사결정 과정을 줄여 
우리가 만드는 서비스가 고객에게 전달하고자 하는 가치를 
더욱 빠르게 전달할 수 있도록 노력합니다. 

푸드테크를 넘어 Hyper Local 플랫폼을 통한 일상의 변화를 주도하며 
사용자에게 행복을 전달하는 여정에 함께 하실 분들을 기다리고 있습니다.

일과 성장은 혼자 하는 것이 아닌 함께 하는 것이라는 믿음으로 
페어프로그래밍부터 이미 모든 Developer들에게 습관이 되어있는 코드리뷰까지. 
동료들과 논의하고 의견을 나누면서 함께 성장하고 있음을 확인하고 즐기는 것이 
요기요 Developer들의 업무에 중요한 부분을 차지합니다.

요기요는 국내 최대의 Python 개발 조직으로, 
나아가 최고의 개발 조직이 되기 위해 노력합니다. 
Python 으로 server systems 를 개발함으로써 대량의 사용자 트래픽이 일어나는 
시스템 개발과 운영이 가능하다는 것을 보여주고 있으며, 
dynamic 하며 개발자 친화적인 이 언어로 무슨 일이건 할 수 있다는 것을 
직접 경험하고 있습니다. 
오랜 기간 동안 다져온 우리의 Python 개발 경험은 새로이 Python 세계에 
들어오고 싶어하는 개발자들도 어렵지 않게 적응하도록 돕고 있으며, 
활발한 code review 문화를 통해 주니어와 시니어가 격의 없이 토론하며 
함께 Python 개발 역량을 키워가고 있습니다. 
우리는 투명한 post mortem 문화를 바탕으로, 장애가 발생하더라도 
비난하고 시비를 가리기 보다는, 문제 해결에 집중하고, 
해소시에는 재발 방지에 촛점을 맞춥니다. 
우리는 back-end 개발자이지만, 모바일 개발자, 디자이너, 프러덕트 오너 등과 
cross-functional team 으로서 일하며, 사용자들에게 더 좋은 서비스를 
제공하기 위하여 더욱 노력합니다. 
나아가, Python 개발자라면 누구나 일 하고 싶은 회사가 되는 것이 
우리의 큰 목표 중 하나입니다.

[구성원] 
요기요의 Squad는 각 직무의 전문가들이 모여 함께 일하고 있습니다.
일반적으로 Product 30%, Tech 70%의 비중으로 일하고 있으며, 
함께 일하는 백엔드 개발자는 평균 7명 이상으로 구성됩니다.

[기술스택]
Python Backend 기술스택 알아보기 ▶ https://stackshare.io/yogiyo/python-backend

요기요의 기술 스택이 궁금하다면 ▶ https://stackshare.io/yogiyo/yogiyo
요기요를 더 알아가고 싶다면? ▶ https://techblog.yogiyo.co.kr/


[What you will get]

• Python으로 개발하는 대용량 서비스 back-end의 모든 것
• Python에 진심인 동료들
• 컨벤션부터 퍼포먼스, 테스트코드 작성 방법까지 다양한 코드리뷰
• 지난 10년간 축적되고 개선되어 온 개발 프로세스와 문화
• Food tech, Quick commerce 전반에 걸친 다양한 업무 수행
• 다양한 AWS 인프라 활용 경험

* 보훈대상자는 관련 법령에 의거하여 우대합니다. 
* 서류 합격자에 한해 연락드릴 예정입니다. 
* 입사시 3개월의 수습기간이 있습니다. 
* 본 채용은 수시진행으로, 우수 인력 채용시 조기마감될 수 있습니다.
주요업무
[What you will do]

• 주위 동료들에게 개발 / 도메인 경험 및 노하우 공유
• Open API 기반 서버 시스템의 개발 및 유지보수/운영
• Cross-functional team의 일원으로 서비스의 기획부터 출시, 운영까지 전 과정 참여
• 연동하는 시스템과의 데이터 형식 전환 모듈 작성 및 이를 이용한 작업
• 대용량 서비스에 적합한 서버 아키텍처 구현/개발
자격요건
[What we expect from you]

 • 고가용, 확장 가능한 시스템 아키텍쳐 설계 및 개발 능력
 • Python, Java, Ruby, Node.js 등을 사용한 6년 이상의 개발 경력 또는 그에 준하는 실력
 • Web framework (Django, FastAPI, Spring, Rails 등) 을 사용한 3년 이상의 웹 개발 경력 또는 그에 준하는 실력
우대사항
[그 외 이런 것이 있으면 더 좋겠어요]

 • 데이터베이스(RDBMS 또는 NoSQL,NewSQL)에 대한 깊은 이해
 • 대용량 분산 인프라 설계, 운영 경험(Kafka, CDC등)
 • 컨테이너 기반 서비스 개발 및 운영 경험
혜택 및 복지
“요기요의 업무 환경""
•  매주 금요일 2시간 조기 퇴근
•  재택근무 지원
•  유연근무제
•  각 층별 Kitchen 제공
•  업무 집중을 위한 Focus Room 공간 마련 

""요기요의 행복 충전""
•  5년 장기근속 시상 및 한 달 refresh 유급휴가 
•  헬스키퍼(사내 안마사), 네일케어, 고급안마의자 등 사내 복합 휴게 공간 및 제도 운영
•  직원들의 만남의 장소, Yogiro 사내 카페(Roof Top)
•  Free Drink(음료)
•  콘도 할인 제공
•  요기요 현금 쿠폰 매월 지급
•  명절 상품권 지급

""요기요의 자기 개발""
•  금요 테마 교육 진행
•  온라인교육(전화영어) 지원
•  도서 구매 지원
•  동호회 지원

""요기요의 건강 지킴""
•  독감예방 접종
•  건강검진 지원(대상자에 한함)

""요기요의 든든한 가족""
•  단체 상해 보험(본인/배우자/자녀까지 포함)  
•  자녀까지 해당되는 마음 편한 병가 제도
•  경조 휴가 및 경조금(결혼/출산/수연/기념일/사망)
•  결혼기념일 휴가 및 외식상품권 
•  임신 전기간 시차출퇴근, 단축 근무
•  예비 엄마 축하 선물 지급 및 사내 Nursing Room
•  배우자 임신 시, 정기검진 방문 동행 지원(월 1회 반차 공가)"
10,"[Working as Product Data Analyst]

R&D Center의 Product Data Analyst는 Product 본부 내 데이터 기반의 Decision making 문화를 선도하고, 요기요의 고객 경험을 다양한 시각에서 분석하여 더 나은 요기요 Product를 만들어 나갑니다.

Product Owner, Product Designer, UX Researcher, Tech Engineer, QE Specialist와 함께 요기요 product의 미래를 그려가는 역할을 수행합니다. User Behavior, Funnel Conversion, Retention 등과 같이 서비스 사용성 개선을 위한 주요 metrics를 정의하고 분석하며 Product Growth를 이끌어낼 수 있는 다양한 데이터 분석을 통해 고객에게 더욱 놀라운 경험을 전달할 수 있는 요기요가 되도록 고민합니다.
 

[What you will get]

• 빠르게 성장하고 있는 Q-commerce Delivery Business에서 발생하는 다양한 데이터를 분석할 수 있습니다.

• 다양한 직군의 뛰어난 동료들과 협업하며 실제 Product가 개선되고 변화하는 과정에 참여할 수 있습니다.

• Product 조직 내 데이터 기반 의사결정을 적극적으로 주도할 수 있습니다.

※ 고용 형태 : 정규직 (입사 시 3개월의 수습 기간이 있습니다.)
주요업무
[What you will do]

• Product의 방향성 및 개선점을 도출하는데 데이터 기반 의사결정을 할 수 있도록 분석 결과 제공

• 목표 달성을 위한 가설 설정, 이를 검증하기 위한 실험 설계 및 분석 (A/B 테스트 등)

• 데이터를 직접 정제 및 가공하여 Product insight를 제공할 수 있는 대시보드 및 리포트 제작

• Product 관련 주요 지표 정의, 측정 및 고도화
자격요건
[What we expect from you]

• 스스로 문제를 정의하고 문제 해결을 위한 분석 결과물을 도출하여 솔루션을 제안해 본 경험

• 앱/웹 사용자 로그를 설계, 분석하고 모바일 서비스 분석 방법(Funnel, AARRR 등) 이해도를 바탕으로 의미 있는 Insight를 발굴한 경험

• SQL을 통해 방대한 양의 데이터 가공 및 분석 경험 (최소 4년 이상)

• 분석 결과를 유관 부서에 명확히 전달할 수 있는 커뮤니케이션 능력

• 데이터 시각화 및 대시보드 구현 경험
우대사항
[그 외 이런 것이 있으면 더 좋겠어요]

• Python/R 등을 활용한 데이터 분석 경험

• BiqQuery, Airflow, GA/GTM, Firebase 사용 경험

• Tableau, Data Studio, Redash 등 BI Tool 사용 경험

• 플랫폼 서비스 또는 Delivery 비즈니스에 대한 높은 이해도와 관심
혜택 및 복지
“요기요의 업무 환경""

•  매주 금요일 2시간 조기 퇴근
•  재택근무 지원
•  유연근무제
•  각 층별 Kitchen 제공
•  업무 집중을 위한 Focus Room 공간 마련

""요기요의 행복 충전""

•  5년 장기근속 시상 및 한 달 refresh 유급휴가
•  헬스키퍼(사내 안마사), 네일케어, 고급안마의자 등 사내 복합 휴게 공간 및 제도 운영
•  직원들의 만남의 장소, Yogiro 사내 카페(Roof Top)
•  Free Drink(음료)
•  콘도 할인 제공
•  요기요 현금 쿠폰 매월 지급
•  명절 상품권 지급
""요기요의 자기 개발""
•  금요 테마 교육 진행
•  온라인교육(전화영어) 지원
•  도서 구매 지원
•  동호회 지원

""요기요의 건강 지킴""

•  독감예방 접종
•  건강검진 지원(대상자에 한함)
""요기요의 든든한 가족""
•  단체 상해 보험(본인/배우자/자녀까지 포함)
•  자녀까지 해당되는 마음 편한 병가 제도
•  경조 휴가 및 경조금(결혼/출산/수연/기념일/사망)
•  결혼기념일 휴가 및 외식상품권
•  임신 전기간 시차출퇴근, 단축 근무
•  예비 엄마 축하 선물 지급 및 사내 Nursing Room
•  배우자 임신 시, 정기검진 방문 동행 지원(월 1회 반차 공가)"
11,"[Working as Frontend Developer]

요기요 Frontend Developer는 음식을 주문하는 사용자와 음식점을 운영하는 사장님, 서비스를 운영하는 내부 구성원 등 다양한 사용자가 만나는 웹 프론트엔드를 개발하고 운영합니다. 우리는 안정적인 서비스를 위한 품질 향상과 고객에게 가치를 전달하는 것을 가장 중요하게 생각합니다.

Cross Functional Team으로 일하며, 다양한 직무의 동료들과 논의하고 의견을 나누면서 함께 성장하기를 기대하고, 협력을 통해 더 나은 제품을 만들 수 있다고 생각합니다. 열린 마음으로 즐겁게 일하실 수 있는 분과 함께하고 싶습니다.
주요업무
[What you will get] 

• TypeScript와 모던 웹 프레임워크를 사용한 최신 웹 개발 경험
• 코드리뷰를 통해 더 좋은 품질의 코드 작성에 대한 논의와 개발 역량 강화
• 애자일 팀과 함께하는 효율적인 일정관리
• 동료들과 함께하는 스터디를 통한 자기 계발 및 기술 공유


[What you will do]

• 안정적인 웹 서비스를 최적의 도구로 개발
• 기존 서비스를 안전하게 유지보수 하면서 점진적으로 리팩토링
• 최신 기술을 리서치, 공유 및 적용하여 효율적인 개발
• 공통 디자인 언어를 위한 디자인 시스템 개발
자격요건
• 3년 이상 개발 경력이 있는 분
• HTML, CSS, JavaScript에 대한 이해가 깊은 분
• 특정 라이브러리, 툴이 아닌 문제해결을 위한 최적의 도구를 선택하고 사용할 수 있는 분
• Git 등의 분산 버전 관리 시스템 이용에 능숙한 분
우대사항
• React, Vue, Angular 등 최신 프레임워크와 SPA 개발 경험
• HTTP, RESTful API에 대한 이해
• 네이티브앱 내 웹 뷰 관련 작업 경험
• Webpack, parcel, rollup등의 번들링 도구에 대한 경험과 차이점에 대한 이해
• TypeScript 또는 static type language에 대한 경험
• 디자인시스템에 대한 관심
• 테스트 코드 작성 경험
• 진행하신 업무, 프로젝트 내용 및 기여도 등의 내용을 이력서에 상세히 기재해주시면 서류 검토 시 큰 도움이 됩니다. 블로그, 노션 등 관련 사항을 추가 제출해주시면 서류 검토 시 참고될 예정입니다.


* 보훈대상자는 관련 법령에 의거하여 우대합니다.
* 서류 합격자에 한해 연락드릴 예정입니다.
* 입사시 3개월의 수습기간이 있습니다.
* 본 채용은 수시진행으로, 우수 인력 채용시 조기마감될 수 있습니다.
혜택 및 복지
“요기요만의 업무 환경""

•  매주 금요일 2시간 조기 퇴근
•  재택근무 지원
•  여유로운 아침, 10 to 7 근무
•  각 층별 Kitchen 제공
•  업무 집중을 위한 Focus Room 공간 마련 

""요기요만의 행복 충전""

•  5년 장기근속 시상 및 한 달 refresh 유급휴가 
•  헬스키퍼(사내 안마사), 네일케어, 고급안마의자 등 사내 복합 휴게 공간 및 제도 운영
•  만남의 장소, Yogiro 사내 카페(Roof Top)
•  Free Drink(음료)
•  콘도 할인 제공
•  요기요 현금 쿠폰 매월 지급
•  명절 상품권 지급

""요기요만의 자기 개발""

•  금요 테마 교육 진행
•  온라인교육(전화영어) 지원
•  도서 구매 지원
•  동호회 지원

""요기요만의 건강 지킴""

•  독감예방 접종
•  건강검진 지원(대상자에 한함)

""요기요만의 든든한 가족""

•  단체 상해 보험(본인/배우자/자녀까지 포함)  
•  자녀까지 해당되는 마음 편한 병가 제도
•  경조 휴가 및 경조금(결혼/출산/수연/기념일/사망)
•  결혼기념일 휴가 및 외식상품권 
•  임신 전기간 시차출퇴근, 단축 근무
•  예비 엄마 축하 선물 지급 및 사내 Nursing Room
•  배우자 임신 시, 정기검진 방문 동행 지원(월 1회 반차 공가)"
12,"[고용형태]
정규직 (수습기간 3개월)

[Working as Android Developer]

요기요 R&D Center는 커머스 플랫폼을 통해 일상의 변화를 주도하며 사용자에게 행복을 전달합니다. 음식을 넘어 쿽커머스로 영역을 확대해 가고 있는 요기요와 함께 성장하는 멋진 경험에 동참해보세요.

Android Developer는 활발한 코드리뷰를 통해 주니어와 시니어가 격의 없이 토론하며 개발 역량을 함께 키워가고 있습니다.
투명한 포스트모텀 문화를 바탕으로, 장애가 발생하더라도 비난하고, 시비를 가리기보다는 “무엇을 배웠는가”를 모두에게 알리며 함께 성장합니다.
PO, 백엔드 개발자, 디자이너들과 Cross-Functional Team으로 일하며, 사용자들에게 더 좋은 서비스를 제공하기 위하여 노력합니다.
주요업무
[What you will do]

• 각 스쿼드 제품 개발팀에 속한 모바일 개발자들은, 비즈니스 요구사항을 개발하기 전 챕터 구성원과 함께 Architecture Design Review를 진행합니다. 리뷰를 진행하는 개발자는 어떤 것을 개발해야 하고 어떤 요구사항이 있는지 설명하고, 리뷰에 참여하는 챕터 구성원들과 전체 앱 관점에서 구현 방향은 올바른지 더 나은 방법은 없는지를 검토합니다. 나온 의견을 바탕으로 제품 구현에 반영합니다.

• 코드리뷰는 우리의 핵심 문화입니다. 자신이 구현한 개발 결과물은 동료의 코드리뷰 없이는 머지될 수 없습니다. 코드리뷰를 통해 더 나은 방법을 제안하며 요구사항 적합성을 검토합니다. 코드리뷰를 통해 각자의 도메인 지식을 전파합니다.

• 최대한 빠르게 고객에게 가치를 전달하고 고객의 피드백을 받기 위해 1주 단위 앱 배포를 진행하고 있습니다. QA를 위한 사내 배포 및 스토어 배포를 위한 빌드 파이프라인이 구축되어 하루에도 20번 이상의 빌드가 공유됩니다.

• 자신이 구현한 비즈니스 요구사항의 적합성을 검증하기 위해 Unit Test를 작성합니다. 종종 TDD 방식으로 Pair Programming을 수행하기도 합니다.

• 새로운 기능의 적용도 중요하지만, 운영한 지 오래 된 서비스이기 때문에 수많은 레거시가 존재합니다. 더 나은 서비스를 만들기 위해 리팩토링 작업을 일상적으로 진행합니다.
자격요건
[What we expect from you]

• Android 개발 경력 3년 차 이상
• Kotlin 언어 및 Android 플랫폼에 대한 높은 이해도를 가진 분
• 형상 관리도구로 Git을 사용하며, Kotlin을 사용하여 Android 앱을 스토어에 서비스 해 본 경험
• 객체 지향 설계와 개발에 대해 이해하고 실제 개발해 본 경험
• 자료구조, 알고리즘, 디자인 패턴, 리팩토링에 대한 기본 지식
• 신규 기능 정의 및 개발을 위해 유관 부서와의 협업 경험
• 버그 수정 및 애플리케이션 성능 향상을 위한 욕심
• AAC(Android Architecture Components)를 통한 개발 경험
우대사항
[그 외 이런 것이 있으면 더 좋겠어요]

• 오픈소스 프로젝트 경험
• 다양한 Application Architecture 경험
• 다양한 Platform 개발 경험
• Rx 기반 반응형 아키텍쳐 사용 경험
• Unit Test 및 UI Test 작성 경험
• 함수형 프로그래밍에 대한 관심
• 애니메이션 및 화면 개발에 대한 관심


* 보훈대상자는 관련 법령에 의거하여 우대합니다.
* 서류 합격자에 한해 연락드릴 예정입니다.
* 입사시 3개월의 수습기간이 있습니다.
* 본 채용은 수시진행으로, 우수 인력 채용시 조기마감될 수 있습니다.
혜택 및 복지
“요기요만의 업무 환경""

•  매주 금요일 2시간 조기 퇴근
•  재택근무 지원
•  여유로운 아침, 10 to 7 근무
•  각 층별 Kitchen 제공
•  업무 집중을 위한 Focus Room 공간 마련 

""요기요만의의 행복 충전""

•  5년 장기근속 시상 및 한 달 refresh 유급휴가 
•  헬스키퍼(사내 안마사), 네일케어, 고급안마의자 등 사내 복합 휴게 공간 및 제도 운영
•  만남의 장소, Yogiro 사내 카페(Roof Top)
•  Free Drink(음료)
•  콘도 할인 제공
•  요기요 현금 쿠폰 매월 지급
•  명절 상품권 지급

""요기요만의 자기 개발""

•  금요 테마 교육 진행
•  온라인교육(전화영어) 지원
•  도서 구매 지원
•  동호회 지원

""요기요만의 건강 지킴""

•  독감예방 접종
•  건강검진 지원(대상자에 한함)

""요기요만의 든든한 가족""

•  단체 상해 보험(본인/배우자/자녀까지 포함)  
•  자녀까지 해당되는 마음 편한 병가 제도
•  경조 휴가 및 경조금(결혼/출산/수연/기념일/사망)
•  결혼기념일 휴가 및 외식상품권 
•  임신 전기간 시차출퇴근, 단축 근무
•  예비 엄마 축하 선물 지급 및 사내 Nursing Room
•  배우자 임신 시, 정기검진 방문 동행 지원(월 1회 반차 공가)"
13,"[Role Overview]

요기요의 Product Owner는 우리의 Business에 도움이 되는 방식으로 고객의 문제를 해결하기 위해 제품 영역을 성장시키는 책임을 갖습니다. 요기요에 방문한 고객이 원하는 가게와 메뉴/아이템을 찾아 주문을 완료하고 주문 이후 배달을 받기까지의 전체 여정에서 사용 전반의 경험을 개선합니다.

※ 고용 형태 : 정규직 (입사 시 3개월의 수습 기간이 있습니다.)
주요업무
[Role]

• Product의 오너십을 갖고 Business Impact 와 사용자 경험을 고려한 제품 기획 및 방향성 리딩
• 디자이너, 개발자, QA, 유관부서 등 다양한 이해관계자와 협업하여 Business 목표 달성을 위한 최선의 의사결정 및 Product 개발을 위한 과정 주도
• Product Key Metric 설정 및 지표 관리
• 요기요에 방문한 이후부터 주문을 하고 고객에게 배달이 완료되는 전 과정까지 고객이 겪는 문제를 발견하여 이를 적시에 해결
자격요건
[Basic Qualifications]

• 3년 이상의 Product Owner 유사 역할 경험 (Product Manager, 서비스 기획 등)
• Product 런칭부터 운영까지 전체 프로세스에 대한 경험 (목표수립, 가설 설정, 상세 기획, 런칭 후 효과 측정, 운영 등)
• 데이터를 기반으로 한 의사결정에 대한 이해와 경험
• 빠르게 움직이는 문화에서 논리적, 분석적인 사고 및 원활한 커뮤니케이션을 바탕으로 리딩해 나갈 수 있는 능력
• Consumer 향 Product 서비스 기획 경험
우대사항
[Preferred Qualifications]

• Short Term Sprint 기반의 Agile 환경에서의 실무 경험
• 다양한 Stakeholder들과 Product 배포 경험
• Data Analytics 관련 기술 및 경험 보유 (SQL, BigQuery, David, Tableau, GA/GTM, DataStudio, etc.)
• Jira/Confluence 운영 및 활용 경험
• Commerce 향 Product 서비스 기획 경험
혜택 및 복지
“요기요의 업무 환경""

•  매주 금요일 2시간 조기 퇴근
•  재택근무 지원
•  유연근무제
•  각 층별 Kitchen 제공
•  업무 집중을 위한 Focus Room 공간 마련

""요기요의 행복 충전""

•  5년 장기근속 시상 및 한 달 refresh 유급휴가
•  헬스키퍼(사내 안마사), 네일케어, 고급안마의자 등 사내 복합 휴게 공간 및 제도 운영
•  직원들의 만남의 장소, Yogiro 사내 카페(Roof Top)
•  Free Drink(음료)
•  콘도 할인 제공
•  요기요 현금 쿠폰 매월 지급
•  명절 상품권 지급
""요기요의 자기 개발""
•  금요 테마 교육 진행
•  온라인교육(전화영어) 지원
•  도서 구매 지원
•  동호회 지원

""요기요의 건강 지킴""

•  독감예방 접종
•  건강검진 지원(대상자에 한함)
""요기요의 든든한 가족""
•  단체 상해 보험(본인/배우자/자녀까지 포함)
•  자녀까지 해당되는 마음 편한 병가 제도
•  경조 휴가 및 경조금(결혼/출산/수연/기념일/사망)
•  결혼기념일 휴가 및 외식상품권
•  임신 전기간 시차출퇴근, 단축 근무
•  예비 엄마 축하 선물 지급 및 사내 Nursing Room
•  배우자 임신 시, 정기검진 방문 동행 지원(월 1회 반차 공가)"
14,"Working as Backend Developer (Python)
요기요 R&D Center는 PO, Developer, QA Engineer, Designer 등 다양한 직무의 구성원들이 한 팀으로 일하고 있습니다. 서비스 기획과 개발, 운영에서의 의사결정 과정을 줄여 우리가 만드는 서비스가 고객에게 전달하고자 하는 가치를 더욱 빠르게 전달할 수 있도록 노력합니다. 

푸드테크를 넘어 Hyper Local 플랫폼을 통한 일상의 변화를 주도하며 사용자에게 행복을 전달하는 여정에 함께 하실 분들을 기다리고 있습니다.

일과 성장은 혼자 하는 것이 아닌 함께 하는 것이라는 믿음으로 페어프로그래밍부터 이미 모든 Developer들에게 습관이 되어있는 코드리뷰까지. 동료들과 논의하고 의견을 나누면서 함께 성장하고 있음을 확인하고 즐기는 것이 요기요 Developer들의 업무에 중요한 부분을 차지합니다.

[구성원] 
요기요의 Squad는 각 직무의 전문가들이 모여 함께 일하고 있습니다.
일반적으로 Product 30%, Tech 70%의 비중으로 일하고 있으며, 함께 일하는 백엔드 개발자는 평균 7명 이상으로 구성됩니다.

[기술스택]

Python Backend 기술스택 알아보기 ▶ https://stackshare.io/yogiyo/python-backend

요기요의 기술 스택이 궁금하다면 ▶ https://stackshare.io/yogiyo/yogiyo
요기요를 더 알아가고 싶다면? ▶ https://techblog.yogiyo.co.kr/

[What you will get] 

• 지난 10년동안 안정적으로 개선되어 온 코드리뷰, 테스트케이스 작성등 개발 프로세스에 대한 경험

• 최고를 지향하는 Python 개발자 동료들

• Monothlic system이 해체되어 가는 과정 속의 lessons learned와 참여 기회

• 위치 기반부터, 주문전달, 물류까지 E-Commerce system의 A to Z KnowHow
주요업무
• 팀의 엔지니어들을 기술적으로 리드

• 팀에서 개발이 필요한 feature들에 대한 우선순위 결정 및 스프린트 플래닝 진행

• 팀의 개발 생산성을 향상하기 위한 팀 내 프로세스 확립

• 팀원 개개인의 성장을 위한 팀원들 독려 및 동기부여

• 다양한 내/외부의 서비스, 플랫폼 과의 협업 리딩
자격요건
• 본인과 팀원들의 지속적인 성장에 관심 있는 분

• 5인 이상 규모 팀을 리드 하면서 팀원을 코칭하고 양성한 경험

• 비지니스 마인드 및 커뮤니케이션 역량

• 5년 이상의 웹서비스 백엔드 실무 경험

• 3년 이상의 엔지니어링 매니저 경험
우대사항
• 수평적 업무환경에서 팀을 성공적으로 리딩한 경험

• AWS등 클라우드 서비스에 대한 이해 및 사용 경험

• 레거시 시스템 분석이 빠르고, 개선 의욕과 기술 역량을 갖춘 분

• 고가용, 확장 가능한 시스템 아키텍쳐 설계 및 개발 경험

• 대용량 분산 인프라 설계, 운영 경험(Kafka, CDC등)

• 컨테이너 기반 서비스 개발 및 운영 경험
혜택 및 복지
“요기요의 업무 환경""
•  매주 금요일 2시간 조기 퇴근
•  재택근무 지원
•  유연근무제
•  각 층별 Kitchen 제공
•  업무 집중을 위한 Focus Room 공간 마련

""요기요의 행복 충전""
•  5년 장기근속 시상 및 한 달 refresh 유급휴가
•  헬스키퍼(사내 안마사), 네일케어, 고급안마의자 등 사내 복합 휴게 공간 및 제도 운영
•  직원들의 만남의 장소, Yogiro 사내 카페(Roof Top)
•  Free Drink(음료)
•  콘도 할인 제공
•  요기요 현금 쿠폰 매월 지급
•  명절 상품권 지급

""요기요의 자기 개발""
•  금요 테마 교육 진행
•  온라인교육(전화영어) 지원
•  도서 구매 지원
•  동호회 지원

""요기요의 건강 지킴""
•  독감예방 접종
•  건강검진 지원(대상자에 한함)

""요기요의 든든한 가족""
•  단체 상해 보험(본인/배우자/자녀까지 포함)
•  자녀까지 해당되는 마음 편한 병가 제도
•  경조 휴가 및 경조금(결혼/출산/수연/기념일/사망)
•  결혼기념일 휴가 및 외식상품권
•  임신 전기간 시차출퇴근, 단축 근무
•  예비 엄마 축하 선물 지급 및 사내 Nursing Room
•  배우자 임신 시, 정기검진 방문 동행 지원(월 1회 반차 공가)"
15,"[Role Overview]

요기요의 Product Owner는 우리의 Business에 도움이 되는 방식으로 고객의 문제를 해결하기 위해 제품 영역을 성장시키는 책임을 갖습니다. 주문이 접수된 순간부터 무사히 배달이 완료되기까지 안전성과 효율성을 동시에 고민하며 사장님, 라이더, 고객이 모두 만족할 수 있는 주문 배달 경험을 개선해 나갑니다.

※ 고용 형태 : 정규직 (입사 시 3개월의 수습 기간이 있습니다.)
주요업무
[Role]

• Product의 오너십을 갖고 Business Impact 와 사용자 경험을 고려한 제품 기획 및 방향성 리딩
• 디자이너, 개발자, QA, 유관부서 등 다양한 이해관계자와 협업하여 Business 목표 달성을 위한 최선의 의사결정 및 Product 개발을 위한 과정 주도
• Product Key Metric 설정 및 지표 관리
• 주문 접수부터 배달 완료까지 각 단계에 대한 서비스 경험을 발전시키기 위한 연동 및 로직 방향 리딩
자격요건
[Basic Qualifications]

• 3년 이상의 Product Owner 유사 역할 경험 (Product Manager, 서비스 기획 등)
• Product 런칭부터 운영까지 전체 프로세스에 대한 경험 (목표수립, 가설 설정, 상세 기획, 런칭 후 효과 측정, 운영 등)
• 데이터를 기반으로 한 의사결정에 대한 이해와 경험
• 빠르게 움직이는 문화에서 논리적, 분석적인 사고 및 원활한 커뮤니케이션을 바탕으로 리딩해 나갈 수 있는 능력
• 화면 기획 뿐 아니라 백엔드 로직과 연동 기획 경험
우대사항
[Preferred Qualifications]

• Short Term Sprint 기반의 Agile 환경에서의 실무 경험
• 다양한 Stakeholder들과 Product 배포 경험
• Data Analytics 관련 기술 및 경험 보유 (SQL, BigQuery, David, Tableau, GA/GTM, DataStudio, etc.)
• Jira/Confluence 운영 및 활용 경험
• 주문 접수 관련 기획 경험
• 시스템 연동 기획 경험
혜택 및 복지
“요기요의 업무 환경""

•  매주 금요일 2시간 조기 퇴근
•  재택근무 지원
•  유연근무제
•  각 층별 Kitchen 제공
•  업무 집중을 위한 Focus Room 공간 마련

""요기요의 행복 충전""

•  5년 장기근속 시상 및 한 달 refresh 유급휴가
•  헬스키퍼(사내 안마사), 네일케어, 고급안마의자 등 사내 복합 휴게 공간 및 제도 운영
•  직원들의 만남의 장소, Yogiro 사내 카페(Roof Top)
•  Free Drink(음료)
•  콘도 할인 제공
•  요기요 현금 쿠폰 매월 지급
•  명절 상품권 지급
""요기요의 자기 개발""
•  금요 테마 교육 진행
•  온라인교육(전화영어) 지원
•  도서 구매 지원
•  동호회 지원

""요기요의 건강 지킴""

•  독감예방 접종
•  건강검진 지원(대상자에 한함)
""요기요의 든든한 가족""
•  단체 상해 보험(본인/배우자/자녀까지 포함)
•  자녀까지 해당되는 마음 편한 병가 제도
•  경조 휴가 및 경조금(결혼/출산/수연/기념일/사망)
•  결혼기념일 휴가 및 외식상품권
•  임신 전기간 시차출퇴근, 단축 근무
•  예비 엄마 축하 선물 지급 및 사내 Nursing Room
•  배우자 임신 시, 정기검진 방문 동행 지원(월 1회 반차 공가)"
16,"[Role Overview]

요기요의 Product Owner는 우리의 Business에 도움이 되는 방식으로 고객의 문제를 해결하기 위해 제품 영역을 성장시키는 책임을 갖습니다. 고객이 주문한 음식을 약속한 시간에 전달할 수 있도록 배달 시간 예측부터 라이더 배차, 수수료 정산까지 모든 배달 경험을 개선헤 나갑니다.

※ 고용 형태 : 정규직 (입사 시 3개월의 수습 기간이 있습니다.)
주요업무
[Role]

• Product의 오너십을 갖고 Business Impact 와 사용자 경험을 고려한 제품 기획 및 방향성 리딩
• 디자이너, 개발자, QA, 유관부서 등 다양한 이해관계자와 협업하여 Business 목표 달성을 위한 최선의 의사결정 및 Product 개발을 위한 과정 주도
• Product Key Metric 설정 및 지표 관리
• 고객을 감동시키고 시장을 선도할 수 있도록 Food Delivery Product 고도화
자격요건
[Basic Qualifications]

• 3년 이상의 Product Owner 유사 역할 경험 (Product Manager, 서비스 기획 등)
• Product 런칭부터 운영까지 전체 프로세스에 대한 경험 (목표수립, 가설 설정, 상세 기획, 런칭 후 효과 측정, 운영 등)
• 데이터를 기반으로 한 의사결정에 대한 이해와 경험
• 빠르게 움직이는 문화에서 논리적, 분석적인 사고 및 원활한 커뮤니케이션을 바탕으로 리딩해 나갈 수 있는 능력
우대사항
[Preferred Qualifications]

• Short Term Sprint 기반의 Agile 환경에서의 실무 경험
• 다양한 Stakeholder들과 Product 배포 경험
• Data Analytics 관련 기술 및 경험 보유 (SQL, BigQuery, David, Tableau, GA/GTM, DataStudio, etc.)
• Jira/Confluence 운영 및 활용 경험
• 물류(Fufillment, WMS, TMS) 관련 시스템 기획 및 런칭 경험
혜택 및 복지
“요기요의 업무 환경""

•  매주 금요일 2시간 조기 퇴근
•  재택근무 지원
•  유연근무제
•  각 층별 Kitchen 제공
•  업무 집중을 위한 Focus Room 공간 마련

""요기요의 행복 충전""

•  5년 장기근속 시상 및 한 달 refresh 유급휴가
•  헬스키퍼(사내 안마사), 네일케어, 고급안마의자 등 사내 복합 휴게 공간 및 제도 운영
•  직원들의 만남의 장소, Yogiro 사내 카페(Roof Top)
•  Free Drink(음료)
•  콘도 할인 제공
•  요기요 현금 쿠폰 매월 지급
•  명절 상품권 지급
""요기요의 자기 개발""
•  금요 테마 교육 진행
•  온라인교육(전화영어) 지원
•  도서 구매 지원
•  동호회 지원

""요기요의 건강 지킴""

•  독감예방 접종
•  건강검진 지원(대상자에 한함)
""요기요의 든든한 가족""
•  단체 상해 보험(본인/배우자/자녀까지 포함)
•  자녀까지 해당되는 마음 편한 병가 제도
•  경조 휴가 및 경조금(결혼/출산/수연/기념일/사망)
•  결혼기념일 휴가 및 외식상품권
•  임신 전기간 시차출퇴근, 단축 근무
•  예비 엄마 축하 선물 지급 및 사내 Nursing Room
•  배우자 임신 시, 정기검진 방문 동행 지원(월 1회 반차 공가)"
17,"[Role Overview]

요기요의 Product Owner는 우리의 Business에 도움이 되는 방식으로 고객의 문제를 해결하기 위해 제품 영역을 성장시키는 책임을 갖습니다. 사장님의 편의성, 사내 운영자들의 생산성을 동시에 고민하여 사장님향 Product와 사내 서비스를 개선해 나갑니다.

※ 고용 형태 : 정규직 (입사 시 3개월의 수습 기간이 있습니다.)
주요업무
[Role]

• Product의 오너십을 갖고 Business Impact 와 사용자 경험을 고려한 제품 기획 및 방향성 리딩
• 디자이너, 개발자, QA, 유관부서 등 다양한 이해관계자와 협업하여 Business 목표 달성을 위한 최선의 의사결정 및 Product 개발을 위한 과정 주도
• Product Key Metric 설정 및 지표 관리
• 고객들이 빠르게 다양한 가게를 만날 수 있도록 사내 입점 시나리오 개선
• 가게 입점 후 편리한 운영, 더 큰 매출을 만들 수 있도록 셀프 서비스 개선 및 다양한 광고 Product 개발
자격요건
[Basic Qualifications]

• 3년 이상의 Product Owner 유사 역할 경험 (Product Manager, 서비스 기획 등)
• Product 런칭부터 운영까지 전체 프로세스에 대한 경험 (목표수립, 가설 설정, 상세 기획, 런칭 후 효과 측정, 운영 등)
• 데이터를 기반으로 한 의사결정에 대한 이해와 경험
• 빠르게 움직이는 문화에서 논리적, 분석적인 사고 및 원활한 커뮤니케이션을 바탕으로 리딩해 나갈 수 있는 능력
우대사항
[Preferred Qualifications]

• Short Term Sprint 기반의 Agile 환경에서의 실무 경험
• 다양한 Stakeholder들과 Product 배포 경험
• Data Analytics 관련 기술 및 경험 보유 (SQL, BigQuery, David, Tableau, GA/GTM, DataStudio, etc.)
• Jira/Confluence 운영 및 활용 경험
• 사장님향 Product 기획 경험
• 플랫폼의 관리자/운영자 Product 기획 경험 
• Food Business에 대한 이해, 사용자-플랫폼-공급자의 3자 협업 서비스에 대한 이해
혜택 및 복지
“요기요의 업무 환경""

•  매주 금요일 2시간 조기 퇴근
•  재택근무 지원
•  유연근무제
•  각 층별 Kitchen 제공
•  업무 집중을 위한 Focus Room 공간 마련

""요기요의 행복 충전""

•  5년 장기근속 시상 및 한 달 refresh 유급휴가
•  헬스키퍼(사내 안마사), 네일케어, 고급안마의자 등 사내 복합 휴게 공간 및 제도 운영
•  직원들의 만남의 장소, Yogiro 사내 카페(Roof Top)
•  Free Drink(음료)
•  콘도 할인 제공
•  요기요 현금 쿠폰 매월 지급
•  명절 상품권 지급
""요기요의 자기 개발""
•  금요 테마 교육 진행
•  온라인교육(전화영어) 지원
•  도서 구매 지원
•  동호회 지원

""요기요의 건강 지킴""

•  독감예방 접종
•  건강검진 지원(대상자에 한함)
""요기요의 든든한 가족""
•  단체 상해 보험(본인/배우자/자녀까지 포함)
•  자녀까지 해당되는 마음 편한 병가 제도
•  경조 휴가 및 경조금(결혼/출산/수연/기념일/사망)
•  결혼기념일 휴가 및 외식상품권
•  임신 전기간 시차출퇴근, 단축 근무
•  예비 엄마 축하 선물 지급 및 사내 Nursing Room
•  배우자 임신 시, 정기검진 방문 동행 지원(월 1회 반차 공가)"
18,"[고용 형태] : 정규직
 ※ 입사 시 3개월의 수습 기간이 있습니다.
주요업무
[What you will do]

• 태블로 리포트 생성 및 관리:
- 세일즈/서비스/마케팅 관련 전사 지표 생성 및 리포트 관리
- 비즈니스 상황에 따른 performance 측정 지표의 지속적인 발굴 및 현행화

• GA리포트 관리:
- GTM관리
- GA데이터와 백엔드Database를 통합한 리포트 생성 및 관리

• 리포팅 관련 오픈 소스 솔루션을 이용한 기술 리드:
- 시스템의 구성상 전통적인 리포트툴로 적용하는 것보다 효율적인 오픈소스를 사용한 일부 실시간성 리포트 생성 및 관리
자격요건
[What we expect from you]

• 대졸 이상
• BI 및 ETL 등 관련 분야 경력 5년 이상
• Tableau 툴 사용능력
• SQL역량
• DW 데이터 모델링 Skill
• Strong Work ethic
우대사항
[그 외 이런 것이 있으면 더 좋겠어요] 

• 일반적인 RDBMS 외 HIVE 또는 기타 NoSQL계열 경험 우대
• 추천, 캠페인 타겟팅 관련 성과 분석 경험 우대
• Python PANDAS 또는 기타 언어를 이용한 데이터처리 경험 우대
혜택 및 복지
“요기요의 업무 환경""

•  매주 금요일 2시간 조기 퇴근
•  재택근무 지원
•  유연근무제
•  각 층별 Kitchen 제공
•  업무 집중을 위한 Focus Room 공간 마련 

""요기요의 행복 충전""

•  5년 장기근속 시상 및 한 달 refresh 유급휴가 
•  헬스키퍼(사내 안마사), 네일케어, 고급안마의자 등 사내 복합 휴게 공간 및 제도 운영
•  직원들의 만남의 장소, Yogiro 사내 카페(Roof Top)
•  Free Drink(음료)
•  콘도 할인 제공
•  요기요 현금 쿠폰 매월 지급
•  명절 상품권 지급

""요기요의 자기 개발""

•  금요 테마 교육 진행
•  온라인교육(전화영어) 지원
•  도서 구매 지원
•  동호회 지원

""요기요의 건강 지킴""

•  독감예방 접종
•  건강검진 지원(대상자에 한함)

""요기요의 든든한 가족""

•  단체 상해 보험(본인/배우자/자녀까지 포함)  
•  자녀까지 해당되는 마음 편한 병가 제도
•  경조 휴가 및 경조금(결혼/출산/수연/기념일/사망)
•  결혼기념일 휴가 및 외식상품권 
•  임신 전기간 시차출퇴근, 단축 근무
•  예비 엄마 축하 선물 지급 및 사내 Nursing Room
•  배우자 임신 시, 정기검진 방문 동행 지원(월 1회 반차 공가)"
19,"[Working as Fulfillment Principal Product Owner]

요기요는 Food Delivery Tech의 영역을 넘어 고객의 모든 일상에서 Amazing Experience를 제공하기 위해 퀵커머스, 광고, 핀테크 등 다양한 분야에서 혁신하고 있습니다. 

특히 2021년 GS Retail 및 Permira, Affinity 와 같은 글로벌 투자사와 손잡은 요기요는 기존의 배달 시장보다 큰 ‘커머스' 시장으로도 진출을 꾀하며 다양한 서비스를 준비 중입니다. 

이러한 변화를 주도하는 요기요 R&D Center의 Principal Product Owner는, Cross-Functional한 조직 구조의 Stakeholder(마케팅, 사업부, 유관 부서), 그리고 팀 내에서 함께 일하는 Product Owner, 디자이너, 데이터 분석가, 개발자, 품질 엔지니어들과 끊임없이 의견을 주고 받으며 플랫폼을 점진적으로 개선합니다. 

Fulfillment란 주문이 이루어지는 순간부터 해당 상품이나 음식이 사용자에게 배달되기 까지의 단계 전체를 아우르는 기능인 Order Transmission, Logistics Integration, Payment, Settlement 등의 단위 조직을 합한 조직을 의미합니다.

업계별 상이한 규격과 프로세스를 통합하는 주문 전달 시스템을 만들고, 적절한 타이밍에 가게 사장님 혹은 배달 대행사로 정보가 흐르며, 수많은 신규 사업/프로젝트 사이 연결성을 고려하여 우선 순위를 정하기 위해서는 디테일과 전문지식도 필요하지만 서로 다른 기술팀의 연결성을 이해하고 리더들과 소통하는 능력도 필요합니다. 

요기요 R&D Center의 모든 구성원은 사용자가 겪는 불편함과 기회 발견을 우선 원칙으로 어떤 제품을 만들지, 어떻게 성공을 검증할 것인지 함께 고민하고 문제를 해결합니다. 

Principal Product Owner는 최고의 열정과 다양한 문제해결 경험을 바탕으로, 구성원을 이끌고 경영진의 사업 비전을 전파, 결과물로 만들어내는 주체로서 요기요의 미래를 책임집니다. 


[고용 형태] : 정규직
 ※ 입사 시 3개월의 수습 기간이 있습니다.
주요업무
• 고객 경험에 대한 몰입을 통해 고객의 Wow를 이끌어 낼 수 있는 Product과 Service 목표 설정
• Fulfillment 분야의 중장기 기술적 로드맵 기획, CEO 및 경영진 제안
• Product Vision을 정의하고 이를 달성할 수 있도록 팀원들에게 동기부여와 방향성 제시
• OKR 정의 및 Success Metric 도출
• 고객 데이터에 대한 집착을 기반으로 고객 Pain Point/Needs를 도출하고 문제 해결을 위한 Success Criteria 설정
• Stakeholder간 다원적 이해관계를 반영한 Alignment drive 및 최적의 의사 결정
• Product Owner들의 Skill set(추진력, 분석력, 소통능력, Documentation 능력) 향상을 위한 코칭
자격요건
• Cross-functional 조직에서 Product Owner 역할 수행 경험
• Short-term Sprint 기반의 Agile 환경에서 Product Iteration 실무 경험
• MVP 모델을 정의하고 A/B Test로 Product를 런칭한 경험
• 간결하고 명료한 Verbal/Written Communication 스킬
• Consumer Platform에 대한 기술적 이해를 요하는 Project 런칭 경험
• 주문 접수, 시스템 연동 관련 프로덕트 런칭 경험
우대사항
• Data Analytics 관련 기술 및 경험 보유 (SQL, BigQuery, David, Tableau, GA/GTM, DataStudio, etc.)
• Computer Science 관련 교육 이수, 혹은 Technical Product 리드 경험
• eCommerce 및 유사 분야 경험
• MBA 혹은 유사 리더십 트레이닝 경험
• Startup에서 무에서 유를 창조한 경험
혜택 및 복지
“요기요의 업무 환경""
•  매주 금요일 2시간 조기 퇴근
•  재택근무 지원
•  유연근무제
•  각 층별 Kitchen 제공
•  업무 집중을 위한 Focus Room 공간 마련

""요기요의 행복 충전""
•  5년 장기근속 시상 및 한 달 refresh 유급휴가
•  헬스키퍼(사내 안마사), 네일케어, 고급안마의자 등 사내 복합 휴게 공간 제도 운영
•  직원들의 만남의 장소, Yogiro 사내 카페(Roof Top)
•  Free Drink(음료)
•  콘도 할인 제공
•  요기요 현금 쿠폰 매월 지급
•  명절 상품권 지급

요기요의 자기 개발""
•  금요 테마 교육 진행
•  온라인교육(전화영어) 지원
•  도서 구매 지원
•  동호회 지원

""요기요의 건강 지킴""
•  독감예방 접종
•  건강검진 지원(대상자에 한함)

""요기요의 든든한 가족""
•  단체 상해 보험(본인/배우자/자녀까지 포함)
•  자녀까지 해당되는 마음 편한 병가 제도
•  경조 휴가 및 경조금(결혼/출산/수연/기념일/사망)
•  결혼기념일 휴가 및 외식상품권
•  임신 전기간 시차출퇴근, 단축 근무
•  예비 엄마 축하 선물 지급 및 사내 Nursing Room
•  배우자 임신 시, 정기검진 방문 동행 지원(월 1회 반차 공가)"
20,"요약
직무 프론트엔드
고용 형태 정규직
경력 1 ~ 5년
회사 규모 30명
기간 상시 채용
근무 위치 서울 강남구 선릉로 428, (대치동) 위워크 선릉3호점 16층 102호
기술 스택
HTML5JavaScriptReact Native
업무 소개
라프텔 프론트엔드 개발자는 PC, 모바일, TV 환경에서 애니메이션 스트리밍 서비스를 개발하며, 사용자들에게 즐겁고 편안한 경험을 제공하기 위하여 끊임없이 노력합니다. 또한 더 좋은 서비스를 개발하기 위하여 다른 직군의 팀원들과의 소통을 거쳐 함께 서비스를 지속적으로 개선해 나갑니다.
다양한 플랫폼을 넘나드는 한국의 대표적인 애니 스트리밍 서비스를 만들어 나가며 함께 성장하고자 하는 프론트엔드 개발자 분들의 많은 관심과 지원 바랍니다.
React를 사용하여 웹 서비스 및 스마트 TV앱을 개발합니다.
React Native를 사용하여 크로스 플랫폼 모바일 앱을 개발합니다.
자격 조건
프론트엔드 개발 경력 2년 이상 또는 그에 준하는 실력
React와 HTML5 / JavaScript에 대한 깊은 이해
React 또는 React Native 프로젝트 개발 경험
UX 기획팀 및 백엔드 엔지니어링 팀과의 커뮤니케이션 능력
우대사항
TypeScript 사용 경험
Kotlin / Swift 사용 경험
미디어 콘텐츠 서비스 개발 경험
스마트 TV 앱 개발 경험
기술 스택

Web: React / React Router / Redux / React Query / styled-components / TypeScript
Mobile: React Native / React Navigation / Redux / React Query / TypeScript / Kotlin / Swift
Smart TV App: React / React Router / Redux / React Query / Emotion / TypeScript
지원하기
공유"
21,"요약
접수 마감
공유"
22,"요약
접수 마감
공유"
23,"요약
직무 머신러닝, 인공지능(AI)
고용 형태 정규직
경력 신입
회사 규모 44명
주요 서비스 3d digital twin for construction
기간 2022-01-05 11:00 부터 2022-04-30 23:59까지
근무 위치 경기 성남시 분당구 대왕판교로 670, (삼평동) B동 605호
기술 스택
C++TensorflowPyTorchPython
업무 소개
비디오, 사진 등의 촬영 데이터로부터 위치를 계산하는 3D 맵핑 알고리즘 개발
3D 맵핑, 이미지 프로세싱을 위한 머신러닝/딥러닝 알고리즘 개발
관련 분야 논문 리서치
자격 조건
C/C++, Python 사용에 능숙 하신 분
Boost, OpenCV, Eigen 라이브러리 사용 경험이 있으신 분
3D 그래픽스에 대한 이해가 있으신 분
선형 대수, 수치 해석에 대한 이해가 있으신 분
우대사항
SLAM, Structure from Motion, Visual Odometry 개발 경험이 있으신 분
머신러닝, 딥러닝 알고리즘 개발 경험이 있으신 분
ScanData, Mesh Processing 개발 경험이 있으신 분
OpenCV 이용한 이미지프로세싱, 영상처리 개발 경험이 있으신 분
개발 팀 & 환경
기술 스택 Tensorflow, PyTorch, Python, C++
지원하기
공유"
24,"요약
직무 프론트엔드, 웹 풀스택
고용 형태 정규직
경력 경력 무관
회사 규모 44명
주요 서비스 3d digital twin for construction
기간 2022-01-05 11:00 부터 2022-04-30 23:59까지
근무 위치 경기 성남시 분당구 대왕판교로 670, (삼평동) B동 605호
기술 스택
TypeScriptJavaScriptAngularJS
업무 소개
웹 프론트엔드 개발
WebGL/Canvas 활용한 3D/2D 모델의 인터랙티브 시스템 개발
웹에서 구동되는 계산 알고리즘 개발
자격 조건
SPA 프레임워크 사용에 능숙하신 분 (Angular, React 등)
HTML, CSS, SASS, Javascript에 대한 이해가 깊은 분
3D 그래픽스에 대한 이해가 있으신 분
우대사항
Module Library 개발 경험이 있으신 분
웹사이트 최적화 경험이 있으신 분
테스트 및 배포 자동화 경험이 있으신 분
WebGL/OpenGL 경험이 있으신 분
개발 팀 & 환경
기술 스택 OpenGL, WebGL, TypeScript, JavaScript, Angular
지원하기
공유"
25,"요약
직무 서버/백엔드, 웹 풀스택
고용 형태 정규직
경력 경력 무관
회사 규모 44명
주요 서비스 3d digital twin for construction
기간 2022-01-05 11:00 부터 2022-04-30 23:59까지
근무 위치 경기 성남시 분당구 대왕판교로 670, (삼평동) B동 605호
기술 스택
ElasticsearchTerraformNode.jsPythonRuby on Rails
업무 소개
Ruby on Rails 이용한 REST API 개발
OpenAPI Generator 이용한 SDK 개발
인프라 구축 및 운영
자격 조건
Ruby / Python / Node.js 중 하나 이상 언어에 능통
클라우드 환경에서의 서비스 운영 경험
최신 웹 기술 및 REST API에 대한 이해
우대사항
Ruby on Rails를 이용한 개발 및 운영 경험
대규모 트래픽 및 글로벌 서비스 경험
ElasticStack 사용 경험
Infrastructure 구축 경험 (Terraform)
지원하기
공유"
26,"요약
접수 마감
공유"
27,"요약
직무 서버/백엔드
고용 형태 정규직
경력 2 ~ 20년
회사 규모 1554명
주요 서비스 배달의민족
기간 상시 채용
근무 위치 서울특별시 송파구 위례성대로 2(방이동, 장은빌딩)
기술 스택
Java
업무 소개
[조직소개]
배달의민족 홈, 리스팅, 상세 등 고객 서비스 전반의 백엔드 도메인을 개발하고 개선하는 업무를 진행합니다.

배달의민족 서비스 최전방에서 대용량 트래픽의 백엔드 시스템을 경험할 수 있습니다. 업무 도메인 단위로 기획자와 개발자가 긴밀하게 협업해서, 새로운 고객 가치를 만들어가는 경험을 할 수 있습니다.

배달의민족의 많은 데이터를 들여다 보고, 필요하면 A/B 테스트도 하면서, 서비스의 개선을 위해 데이터의 가치를 소중하게 생각합니다.

배민서비스개발팀 개발 시스템 관련 내용은 '링크'를 통해 확인해 주세요! 👈링크 클릭!

[업무내용]
- 배달의민족 고객 서비스 전반의 백엔드 시스템을 개발합니다.
- 시스템 모니터링을 통한 이슈 추적 및 성능 개선합니다.
👉 우아한형제들 백엔드 개발자 직무인터뷰 바로가기
자격 조건
[지원자격]
- 웹 애플리케이션 개발, 운영 경험자로서 실무 3년차 이상 또는 그에 준하는 역량을 보유한 분
- Java에 익숙하고 기타 언어 하나 이상을 습득한 분
- Spring 프레임워크(Spring Boot)를 이용한 Web Application 개발 경험이 있으신 분
- MVC framework 기반의 웹 서비스나 API 개발 경험이 있으신 분
- MySQL(Maria DB), MS-SQL 등 RDBMS 경험이 있으신 분
- 기본적인 Linux/Unix 명령 사용 능력을 갖춘 분
우대사항
[우대사항]
- 품질 좋은 소프트웨어 개발을 위해 지속적으로 노력해오신 분
- 새로운 기술에 호기심이 많고 공유하시는 분, 코드 리뷰 등을 통해 주변 동료에게 자극을 주는 분
- 기획/디자인/운영 등 다양한 직군과 같이 문제를 정의하고 해결책을 찾아나갈 수 있는 협업 능력을 갖춘 분
- 객체지향 개발 및 테스트 코드 작성에 숙달된 분
- 도메인 주도 설계를 이해하고 노력해 오신 분
- JPA, Hibernate 등 ORM 사용과 도메인 모델링 경험이 있으신 분
- React, Vue.js, Node.js 개발 경험이 있으신 분
- Open API 기반 서버 시스템의 개발 및 운영 경험이 있으신 분
- AWS를 활용한 개발, 운영 경험이 있으신 분
- NoSQL 등을 이용한 대용량 데이터 처리 경험이 있으신 분
- 빌드/테스트/배포 자동화 경험이 있으신 분
- 각종 장애 극복 경험이 있으신 분
- 대규모 트래픽 처리 경험이 있으신 분
💡 지원 시 경력기술서(PDF형식) 필수 첨부 부탁드립니다.
[경력기술서에 포함해야하는 내용]

업무에 바로 사용 가능한 기술셋 (Programming Language, Library, Framework, DBMS, Tool 등)
기술력을 보여 줄 수 있는 프로젝트 내용 (기간, 전체 시스템 구성, 프로젝트에 기여한 내용, 성과, 트러블 슈팅경험 등)
🚨 입사지원 안내사항
채용 프로세스 상 서류전형 이후부터는 우아한형제들 내부 시스템을 통해서 면접전형이 진행됩니다. 서류전형 합격 시 우아한형제들 채용 시스템에 지원서 등록 절차가 한 번 더 진행됨을 사전 안내드립니다. 원활한 채용 진행을 위해서 번거로움을 드리는 점 양해 부탁드립니다.
💌 우아한혜택 미리보기

일한 만큼 드립니다. 주 32시간 근무 초과시 분 단위로 지급되는 연장수당.
코로나 이후에도 쭉~ 주 2일 상시 재택근무제. (매월10만원의 재택근무 지원금 지급)
재택근무에 진심인 회사! 최고의 재택업무 환경 제공. (허먼밀러에어론의자, 모션데스크, 5K모니터 중 택1 지급)
복지포인트 연 200만 포인트 지급.
가족까지 챙겨드려요. (본인, 배우자, 자녀, 양가 부모님까지 단체상해보험 제공)
주택자금 대출 이자 지원! 집 걱정을 덜어드려요.
최신형 장비 2년마다 지원! (맥북프로, 윈도우 중 선택, 4K모니터도~)
🔎 입사 후 생활 미리보기

일할 땐 일하고, 쉴 땐 푹~ 쉬는 4.5일제 월요일 오전은 쉬어요. (화~금요일은 7시간 근무)
배경음악(BGM)이 흐르는 카페 같은 오피스. (업무몰입도 UP, 잡담 UP)
좋아하는 일을 하고 싶은 공간에서, 영감을 주는 사내 공간.
6개월마다 색다른 공간에서 일할 수 있는 민족대이동. (층 이동)
매주 대표와 직원들이 자유롭게 의견을 나누는 소통의 장, 우수타. (우아한수다타임 정말 수다 많이 떨어요)
관심과 애정으로 구성원을 챙깁니다, 피플실! 배민다운 문화를 구성원과 함께 가꿔가요~
자기성장에 필요한 도서구입비 무제한 지원. 서점에선 살까 말까 망설이지 않아요.
지원하기
공유"
28,"요약
접수 마감
공유"
29,"요약
직무 프론트엔드, 게임 클라이언트, 블록체인
고용 형태 정규직
경력 1 ~ 5년
회사 규모 13명
주요 서비스 클레이랜드
기간 상시 채용
근무 위치 서울시 강남구 언주로 113길 8 3층
기술 스택
Protocol BuffersTypeScriptWebGLReactJS
업무 소개
클레이랜드 웹 게임 클라이언트 개발 및 운영
자격 조건
React, Svelte, Vue.js등을 이용한 SPA 개발 경험이 있으신 분
TypeScript를 능숙하게 사용하시는 분
Theejs, Pixijs, WebGL등을 사용하여 게임을 구현 해보신분
NFT로 다중 정체성을 표현하는 문화 확산에 대해 기여하고 싶은 분
우대사항
Solidity 를 이용하여 스마트컨트랙트를 개발해보신 분
블록체인과 메타버스, Web3.0 서비스에 관심이 많은 분
Socket통신 및 Restful API로 클라이언트 개발이 가능하신 분
AWS, GCP, Azure 등 클라우드 서비스를 경험해보신 분
객체지향 개발에 숙달되신 분
새로운 기술을 좋아하시는 분
게임을 좋아하시는 분
연봉 및 급여
연봉을 낮춰서 합류하실 필요는 없습니다!
성장 가능성이 높은 멤버라면 업무 능력에 맞춰 스톡옵션을 제공할 수 있습니다.
경력과 연차에 따라 연봉을 책정하되, 성과에 따른 최고의 보상을 약속합니다.

🎁위에이알 복지 및 기업문화
사람 스트레스 없이 업무에만 집중할 수 있는 조직 문화를 지향합니다 (중요)
최신형 맥북(CTO), 듀얼모니터, 소프트웨어 제공은 기본이죠
커리어 개발을 위해 교육비 최대 월 50만원 지원합니다
업무 관련 도서라면 전액 지원합니다.
청년내일채움공제를 원하신다면 당연히!
'님' 호칭으로 수평적인 문화를 갖습니다 :)
개발 팀 & 환경
팀내 개발자 1
버전 관리 Github
프로젝트 관리 Notion
OS 환경 MacOS
코드 리뷰 Github
대표 개발자
🤖 딘






지원하기
공유"
30,"요약
접수 마감
공유"
31,"요약
직무 시스템/네트워크
고용 형태 정규직
경력 3 ~ 15년
회사 규모 153명
주요 서비스 소프트웨어 개발 (미리캔버스, 비즈하우스, 스마일캣)
기간 상시 채용
근무 위치 서울특별시 구로구 디지털로31길 12, 8층 (구로동, 태평양물산)
기술 스택
CI/CDJIRAAWS CloudFormationPostgreSQLOracle DatabaseAnsibleBambooOpenVPNNexusJavaTerraform
업무 소개
미리디의 전반적인 인프라를 관리하고, 인프라 팀을 이끌어 주실 리더를 찾습니다.
사내 업무에 사용하는 Atlassian Tool과 내부망 네트워크 관리로 미리디 내부 인프라를 안정적으로 운영해 주세요.
AWS 클라우드 운영와 서비스 고도화를 통해 효율적인 운영을 설계해 주세요.
사내외 인프라 개선을 위한 적극적인 의견 제시, 방향 설정을 함께 하실 분을 기다립니다.
#인프라 #AWS #Atlassian #리더
사내 전반적인 인프라를 운영합니다.
AWS 클라우드 서비스 인프라를 설계 / 구축 / 운영합니다.
다양한 업무 툴을 관리합니다. (Atlassian Tools, Nexus, OpenVPN 등)
사내 네트워크를 관리합니다.
CI/CD 파이프라인를 구축하고 유지보수합니다. (Bamboo)
내부 서비스 및 자원에 대한 모니터링을 진행합니다.
자격 조건
인프라 팀 운영 경험이 있으신 분 (5년차 이상)
3년 이상의 AWS 클라우드 운영 및 관리 경험이 있으신 분
운영 및 장애처리 경험을 보유하신 분 (WEB/WAS 설치, 운영, 튜닝, 모니터링, 장애조치)
Infrastructure as Code 실무 경험이 있으신 분 (Terraform, Ansible 등)
모니터링 및 로깅 시스템 구축 및 운영 경험이 있으신 분
CI/CD 파이프 라인 구축 및 관리 경험이 있으신 분
우대사항
CI/CD 구축, 운영 경험이 있으신 분
부하 테스트 환경 구축 자동화 경험이 있으신 분
클라우드 기반의 인프라에 대한 보안 관리 경험이 있으신 분
Oracle DB, PostgreSQL 운영 경험이 있으신 분 (설치, 설정, 백업, 복구 트러블슈팅)
지원하기
공유"
32,"요약
접수 마감
공유"
33,"요약
직무 서버/백엔드, 웹 풀스택, 시스템/네트워크
고용 형태 정규직
경력 3 ~ 12년
회사 규모 54명
주요 서비스 크리에이트립
기간 상시 채용
근무 위치 서울 강남구 강남대로 484 (2022. 4월 이전예정, 현재 을지로)
기술 스택
GraphQLNode.jsAmazon Web Services(AWS)
업무 소개
🚀 '한국'이라는 브랜드를 전세계에 유통하고 있는 컨텐츠&커머스 플랫폼입니다. 글로벌 유저들이 한국을 한국인처럼 소비할 수 있도록 한국 관련 정보와 커머스 격차를 해소합니다.
www.creatrip.com
✔️ 월 방문자 150만 명 (외국인 유저 100%)
✔️ Series B: 누적 투자 151억
✔️ 2022년 4월에는 강남 신논현역으로 이전할 예정입니다!
한국의 라이프스타일 대부분을 즐길 수 있도록 돕는 크리에이트립은 여행이 없는 코로나19 기간에도 성장하여 현재 월 방문자 150만 명울 달성하였고, 2020년 런칭한 역직구 커머스는 일 최대 1억원 매출성과를 달성하였습니다.
2021년에도 한국어, 선물 쿠폰, 영상 콘텐츠 등 한국을 즐길 수 있는 커머스를 확장해오면서, 대만, 홍콩, 일본, 태국 등으로 수평적으로도 크게 확장하여 서비스를 제공하고 있습니다.
[운영 중(예정)인 서비스]
• 한국의 트렌디한 정보 컨텐츠 제공
• 한국 여행 커머스 (예약, 할인)
• 한국 역직구 (상품 해외배송)
• 한국어 서비스 (준비중)
[주요 업무]
• 예약, 역직구, 어학당 결제 시스템 등 다양한 기능 컴포넌트 개발
• 추천 시스템, 검색 시스템, 로깅 시스템 등 대용량 데이터 처리 시스템 구축
• 안정적이고 지속적인 서비스 제공을 위한 운영 및 배포 시스템 구축
[프로덕트팀 기술 현황]
• 크리에이트립 프로덕트팀은 PO와 10명의 엔지니어, 그리고 2명의 디자이너로 구성되어 있습니다. 뛰어난 팀원들이 다양한 미니 서비스를 밀도 있게(가끔은 누구나 그렇듯이 힘겹게) 만들어가고 있어요.
[상세 기술(개발)]
• React.js(Next) & Redux, Styled Component, Node.js(nest)
Apollo, Typescript, React Native, Graphql, gRPC, AWS
• Front-end Stackshare: https://stackshare.io/creatrip/frontend
• Back-end Stackshare: https://stackshare.io/creatrip/backend
자격 조건
[마인드셋]
• 다양한 의견을 경청하면서도 본인만의 철학을 갖춘 코딩을 추구하시는 분
• 글로벌 서비스에 대한 관심과 열정을 보유하신 분
• 한국의 트렌드가 글로벌로 성장하는 것에 공감하고 이에 대한 관심이 많으신 분
• 스스로의 역량을 한정짓지 않고 탁월한 성과를 기반으로 급진적인 성취와 성장, 보상을 추구하시는 분
• 다양한 백그라운드의 이해관계자들과 목표 지향적인 커뮤니케이션이 가능하신 분
• 스스로 문제를 정의하고 유저와 비즈니스를 함께 고려한 솔루션을 찾으려 노력하시는 분

[스킬셋]
• 5년 이상 백엔드 개발 경력을 보유 하시거나 그에 준하는 실력을 보유하신분
• Node.js에 전문성을 가지고 계신 분
• OOP에 대한 이해를 바탕으로 객체의 책임, 역할, 협력에 대해 고민하시는 분
• AWS / Linux 환경에서 Container 기반 인프라 구축 및 운영 경험이 있으신 분
• RDBMS/NoSQL에 대한 이해를 바탕으로 서비스 개발 및 운영 경험이 있으신 분
우대사항
[우대사항]
• Microservice 아키텍처 기반의 개발 경험이 있으신 분
• E-Commerce 서비스 개발 경험이 있으신 분
• Graphql 및 gRPC 사용 경험 및 기반 지식이 있으신 분
• 단위/통합 테스트 작성 경험이 있으신 분
• 다국어 서비스를 운영해 보신 분
[팀 문화]
• 회고 & 자기계발
적용가능한 신기술에 대해 끊임없이 공부합니다. 데일리 미팅을 통해 하루의 이슈를 공유하고 2주간 스프린트 회고를 통해 그동안의 개발 과정을 투명하게 돌아봅니다. 자발적으로 주간 스터디를 열어 특정 기술에 대해 알아가는 시간을 갖습니다.
• 자율 & 책임
크리에이트립은 전사적으로도 건강한 조직문화를 꾸준히 실천 중입니다. 자율에 기반한 책임 문화가 잘 뿌리내려 있습니다. 오늘 할 일을 보고 하지 않으며 불필요한 문서화는 지양합니다. 오직 해결해야 할 문제와 팀 전체의 목표가 있을 뿐입니다.
• 투명성
또한 조직 전체에 투명성이 가장 중요한 가치 중 하나로, 급여 이외 대부분의 문서는 언제든 액세스가 가능합니다. 타 부서 회의록과 회고 내역은 물론이고 운영진의 법인카드 내역 또한 팀원에게 공개 됩니다.
• 내 옆자리는 외국인
크리에이트립은 다양한 국적의 외국인 엘리트 팀원이 많습니다. 사무실에서 들리는 중국어, 태국어, 일본어, 영어, 베트남어까지 한국 기업에서 경험할 수 없는 다국적 환경을 경험할 수 있습니다.


[혜택]
몰입할 수 있게
• 유연 근무와 자율 출근: 모든 사람이 동일한 시간대에 일을 잘할 수는 없습니다. 크리에이트립은 모든 멤버가 최고의 컨디션으로 집중할 수 있도록 유연 근무 및 자율 출근을 실행합니다.
• 매주 화&목요일 재택 근무: 최고의 몰입을 위해 상호 신뢰를 기반으로 매주 화&목요일 재택 근무를 시행합니다.(사무실 근무 필요시 근무 하는 경우는 있습니다. - 예: 역직구 상품 출고)
• 사내추천비 지원: 나만 알고 있기 아까운, 함께 일하고 싶은, 곳곳에 숨어있는 우수한 인재 영입 시 특별한 보상을 지원합니다.
밥은 먹고 다니자!
• 점심식대 지원
• 추가 근무 식대 지원: 1인당 15,000원의 식대가 지원됩니다.
• 무제한 커피&간식 지원: 과자, 커피, 견과류 등 팀원들의 에너지와 당을 채워줄 간식이 지원됩니다.
인싸가 되기 위한 혜택
• 1:1 점심 지원: 신규 입사자 분이 다른 팀원들과 빨리 친해질 수 있도록 1:1 점심 식대를 지원합니다.
• 지킴이(Jikimi) 지원: 새로운 멤버가 크리에이트립에 Soft landing 할 수 있게 뉴비지킴이를 지원합니다.
• 회식비 지원: 분기별/반기별 회식비를 지원합니다.
SKILL-UP!!!!!!!
• 자기계발비 지원: 분기별 300,000원씩 (매월 100,000원) 도서 구입, 강의 수강, 외국어 학습, 운동, 건강검진, 운전면허학원, 피아노 학원 등 팀원들이 행복을 느끼는 다양한 범위의 비용을 지원합니다.
• 무제한 도서구입: 팀원들이 원하는 도서를 무제한으로 구입해드립니다.
• 팀 리더 활동비 지원: 팀 업무와 관련하여 프로젝트, 세미나, 컨퍼런스, 사내 스터디 활동 등을 지원하기 위해 팀별 예산을 산정하여 지원합니다.
• 최고 사양 장비 지원: 역량을 한껏 발휘할 수 있는 최신 장비를 지원해드려요!
크리에이트립 팀원들은 소중하니까
• 유급 병가 지원: 일반 병가 외에 팀원들의 건강한 회사생활을 위해 1년에 2번의 유급 병가가 지원됩니다. 건강검진 등 건강을 위해 이용해주세요.
• 출/퇴근 시 택시비 지원: 부득이 하게 대중교통 이용이 불가능한 시간대에 출/퇴근을 해야하는 경우 택시비가 지원됩니다.
• 경조사 지원: 모든 크리에이트립 멤버들의 기쁜날, 힘이 되어야 하는 날을 지원합니다.
특별한 날을 더욱 특별하게
• 명절 상여, 반차: 민족의 대명절 추석, 설날 연휴가 시작되기 전 날은 근로시간을 단축하여 근무합니다.
• 생일 반차, 기프티콘: 팀원들의 생일을 축하하기 위해 생일 해당 월에 사용가능한 반차와 상품권, 케이크가 제공됩니다!
개발 팀 & 환경
팀내 개발자 10
버전 관리 Github
기술 스택 TypeScript, Node.js, ES6, Redis, AWS S3, AWS EC2, GraphQL, ExpressJS, AWS CloudFront, AWS Lambda, AWS RDS, MariaDB, Apollo Client, NestJS, gRPC, OpenVPN, Linux, AWS Batch, Elasticsearch, AWS Route 53, AWS Simple Email Service(AWS SES), AWS Simple Notification Service(AWS SNS), OAuth, Docker, Apache Sentry, AWS Elastic Load Balancing, Kibana, Jest, React Native, ReactJS, Redux.js, Sass(SCSS), Next.js, styled-components, Git, Webpack, Babel
OS 환경 MacOS
코드 리뷰 Github
• 회고 & 자기계발 적용가능한 신기술에 대해 끊임없이 공부합니다. 데일리 미팅을 통해 하루의 이슈를 공유하고 2주간 스프린트 회고를 통해 그동안의 개발 과정을 투명하게 돌아봅니다. 자발적으로 주간 스터디를 열어 특정 기술에 대해 알아가는 시간을 갖습니다.
지원하기
공유"
34,"요약
접수 마감
공유"
35,"요약
직무 데이터 엔지니어
고용 형태 정규직
경력 2 ~ 10년
회사 규모 168명
주요 서비스 금융플랫폼
기간 상시 채용
근무 위치 서울 서초구 서초대로74길 14, (서초동) The Asset 16층
기술 스택
PythonApache SparkApache KafkaApache HadoopTableauAWS QuickSight
업무 소개
월 40조에 육박하는 대출 신청 데이터를 비롯한 방대한 데이터를 분석하여 고객에 대한 이해도를 강화해요.
빠르게 성장하는 회사가 안정적이고 영향력 있는 데이터를 기반으로 의사 결정을 할 수 있는 토대를 마련해요.
다양한 어플리케이션에서 데이터 웨어하우스로의 안정적인 데이터 이동을 위한 파이프라인을 구축해요.
회사 전체의 엔지니어, 데이터 분석가 및 사업본부와 긴밀하게 협력하여 분석, 실험 및 머신러닝 사용사례를 강화해요.
조직 전체에 데이터 엔지니어링 모범사례를 전파해요.
자격 조건
2년 이상 클라우드 기반의 데이터 플랫폼 구축 및 운영 경험이 있으신 분
데이터 어플리케이션 개발을 위한 프로그래밍 언어(ex. Python) 스킬을 보유하신 분
새로운 기술에 관심이 많고 배우는 것을 좋아하시는 분
강력한 분석 및 문제해결 능력이 있으신 분
우대사항
대용량 데이터 처리를 위한 데이터 파이프라인(수집/처리/분석) 개발 경험이 있으신 분
ETL 파이프라인을 통해 BI 시각화를 위한 툴(QuickSight, Looker, Tableau 등)에 리포팅해본 경험이 있으신 분
오픈 소스 프레임워크(Hadoop, Kafka, Spark 등)를 활용한 데이터 파이프라인 구축 경험이 있으신 분
강력한 커뮤니케이션 스킬을 보유하신 분
!!속보!! ""골드만삭스, 베인캐피탈 등으로부터 759억 규모 시리즈C 투자 유치"" (한국경제, 2021.12.01)
""내 코드 한 줄이 국민 절반의 신용등급을 바꾼다면?""

                               ▼
• 저희 피플펀드는 국내최초로 은행통합형 P2P 대출 모델을 출시하고, 지금까지 1조 원이 넘는 취급액을 달성했어요.
• 최근에는 골드만삭스, 베인캐피탈 등 글로벌 투자사들로부터 759억원의 투자를 받았어요!
• 기술로 세상의 금융을 바꾸기 위한 도전에 이 글을 보고 계신 지원자님이 필요합니다:)
피플펀드는 금융, 데이터, 테크, 마케팅 각자의 분야에서 ""최고의 전문성을 가졌으면서도, 밝고 선한 의지를 가진 분""이라면 간과 쓸개를 내줘서라도 모셔오고 있어요.
• 한국정보올림피아드 대상 출신 개발자
 • 150만 회원 서비스 Back-End를 혼자 처리한 개발자
 • 220만 회원이 사용하는 의료 서비스의 Full Stack 개발자
 • 애플과 실리콘밸리에서 넘어온 UC Berkeley 출신 개발자
 • 서울대/연세대/고려대/KAIST 등 명문대 출신 개발자
 • 국내 최대 신용평가사 'NICE'에서 10년 넘게 금융기관 컨설팅을 해온 데이터 전문가
 • 미국에서 '모건스탠리' PR을 하다, 돌연 한국 스타트업의 해외PR을 담당하게 된 홍보인
 • McKinsey/BCG/Bain 출신 전략 컨설턴트
 • 골드만삭스/뱅크오브아메리카/메릴린치 등 외국계 IB 출신 뱅커
 • 국민연금공단에서 막대한 규모의 국민연금기금 운용 법률실무를 담당한 변호사
 • 코스닥 상장 포함 6번의 창업과 엑싯을 경험한 연쇄창업가
 • '돼지코팩' 으로 유명한 뷰티 커머스 '미팩토리' 창업자
[그룹 소개]
백본그룹은 ‘보통 사람을 위한 보통이 아닌 금융’이라는 목표 아래 고객에게 최고의 금융 서비스 경험을 제공하기 위한 백엔드를 설계하고 구현합니다.
이를 위해 스택 전체의 엔지니어가 함께 토론하고 협력하여, 높은 확장성과 뛰어난 수준의 엔지니어링 품질을 만들어내기 위해 노력하고 있습니다.
AWS와 Dockerizing된 환경 위에 최신 기술의 이점을 최대한 활용하여 복잡한 금융 객체를 모델링하고 있으며, 우리가 풀어야할 기술적인 도전 만큼이나 우리의 미션에 대해서도 관심 있는 분들을 찾습니다.
지원하기
공유"
36,"요약
접수 마감
공유"
37,"요약
접수 마감
공유"
38,"요약
접수 마감
공유"
39,"요약
직무 서버/백엔드
고용 형태 정규직
경력 2 ~ 3년
회사 규모 168명
주요 서비스 금융플랫폼
기간 상시 채용
근무 위치 서울 서초구 서초대로74길 14, (서초동) The Asset 16층
기술 스택
KotlinMySQLSpringNode.jsPythonDjango
업무 소개
• 최고의 금융 경험을 제공하기 위한 제품 사용여정을 개발하고 개선해요.
•Containerized 환경에서 Microservice 아키텍처로 개발 및 서비스를 해요.
• 100% AWS 클라우드 환경에서 다양한 서비스를 활용하여 금융 아키텍처의 기준을 만들어요.
• 엄격한 정확성 및 확장성이 요구되는 제품 기능들에 대해 구축, 테스트, 배포까지를 담당해요.
• 누구도 범접할 수 없는 신용평가 시스템 개발을 위한 Business Data Lake를 구축해요.
자격 조건
• Web Framework(Django, Spring Boot)를 이용해서 Web Application 개발, 운영을 해보신 분
• RDBMS 및 Transaction에 대한 이해도가 있으신 분
• REST API 디자인에 대한 좋은 직관이 있으신 분
• 유저가 겪는 문제점을 찾고 기술로 해결하는데 관심 있는 분
우대사항
• AWS, Azure, GCP 등과 같은 클라우드 환경에서 개발 경험이 있으신 분
• Cache, MQ, gRPC, NoSql 시스템을 이용하여 대용량 트래픽에 대한 성능 개선 경험을 보유하신 분
• Microservice 아키텍처를 효율적으로 운영해본 경험이 있으신 분
• Docker, Terraform 또는 CircleCI와 같은 DevOps 중심 기술 사용 경험이 있으신 분
• TDD 방법론을 이해하고, 이를 기반한 개발 경험을 보유하신 분
• 금융/핀테크 시스템 개발 경험이 있으신 분
!!속보!! ""골드만삭스, 베인캐피탈 등으로부터 759억 규모 시리즈C 투자 유치"" (한국경제, 2021.12.01)
""내 코드 한 줄이 국민 절반의 신용등급을 바꾼다면?""

                               ▼

• 저희 피플펀드는 국내최초로 은행통합형 P2P 대출 모델을 출시하고, 지금까지 1조 원이 넘는 취급액을 달성했어요.
• 최근에는 골드만삭스, 베인캐피탈 등 글로벌 투자사들로부터 759억원의 투자를 받았어요!
• 기술로 세상의 금융을 바꾸기 위한 도전에 이 글을 보고 계신 지원자님이 필요합니다:)
피플펀드는 금융, 데이터, 테크, 마케팅 각자의 분야에서 ""최고의 전문성을 가졌으면서도, 밝고 선한 의지를 가진 분""이라면 간과 쓸개를 내줘서라도 모셔오고 있어요.
• 한국정보올림피아드 대상 출신 개발자
• 150만 회원 서비스 Back-End를 혼자 처리한 개발자
• 220만 회원이 사용하는 의료 서비스의 Full Stack 개발자
• 애플과 실리콘밸리에서 넘어온 UC Berkeley 출신 개발자
• 서울대/연세대/고려대/KAIST 등 명문대 출신 개발자
• 국내 최대 신용평가사 'NICE'에서 10년 넘게 금융기관 컨설팅을 해온 데이터 전문가
• 미국에서 '모건스탠리' PR을 하다, 돌연 한국 스타트업의 해외PR을 담당하게 된 홍보인
• McKinsey/BCG/Bain 출신 전략 컨설턴트
• 골드만삭스/뱅크오브아메리카/메릴린치 등 외국계 IB 출신 뱅커
• 국민연금공단에서 막대한 규모의 국민연금기금 운용 법률실무를 담당한 변호사
• 코스닥 상장 포함 6번의 창업과 엑싯을 경험한 연쇄창업가
• '돼지코팩' 으로 유명한 뷰티 커머스 '미팩토리' 창업자
[그룹 소개]
백본그룹은 ‘보통 사람을 위한 보통이 아닌 금융’이라는 목표 아래 고객에게 최고의 금융 서비스 경험을 제공하기 위한 백엔드를 설계하고 구현합니다.
• 이를 위해 스택 전체의 엔지니어가 함께 토론하고 협력하여, 높은 확장성과 뛰어난 수준의 엔지니어링 품질을 만들어내기 위해 노력하고 있습니다.
• AWS와 Dockerizing된 환경 위에 최신 기술의 이점을 최대한 활용하여 복잡한 금융 객체를 모델링하고 있으며, 우리가 풀어야할 기술적인 도전 만큼이나 우리의 미션에 대해서도 관심 있는 분들을 찾습니다.
지원하기
공유"
